,,Median of MP,Mean of MP,Std of MP,Median of Starts,Mean of Starts,Std of Starts,Median of Min,Mean of Min,Std of Min,Median of Mn/Start,Mean of Mn/Start,Std of Mn/Start,Median of Compl,Mean of Compl,Std of Compl,Median of Subs,Mean of Subs,Std of Subs,Median of Mn/Sub,Mean of Mn/Sub,Std of Mn/Sub,Median of unSub,Mean of unSub,Std of unSub,Median of PPM,Mean of PPM,Std of PPM,Median of onG,Mean of onG,Std of onG,Median of onGA,Mean of onGA,Std of onGA,Median of onxG,Mean of onxG,Std of onxG,Median of onxGA,Mean of onxGA,Std of onxGA,Median of G-PK,Mean of G-PK,Std of G-PK,Median of PK,Mean of PK,Std of PK,Median of Ast,Mean of Ast,Std of Ast,Median of CrdY,Mean of CrdY,Std of CrdY,Median of CrdR,Mean of CrdR,Std of CrdR,Median of xG,Mean of xG,Std of xG,Median of npxG,Mean of npxG,Std of npxG,Median of xAG,Mean of xAG,Std of xAG,Median of PrgC,Mean of PrgC,Std of PrgC,Median of PrgP,Mean of PrgP,Std of PrgP,Median of PrgR,Mean of PrgR,Std of PrgR,Median of Gls,Mean of Gls,Std of Gls,Median of Ast,Mean of Ast,Std of Ast,Median of G+A,Mean of G+A,Std of G+A,Median of G-PK,Mean of G-PK,Std of G-PK,Median of G+A-PK,Mean of G+A-PK,Std of G+A-PK,Median of xG,Mean of xG,Std of xG,Median of xAG,Mean of xAG,Std of xAG,Median of xG+xAG,Mean of xG+xAG,Std of xG+xAG,Median of npxG,Mean of npxG,Std of npxG,Median of npxG+xAG,Mean of npxG+xAG,Std of npxG+xAG,Median of GA,Mean of GA,Std of GA,Median of GA90,Mean of GA90,Std of GA90,Median of SoTA,Mean of SoTA,Std of SoTA,Median of Saves,Mean of Saves,Std of Saves,Median of Save%,Mean of Save%,Std of Save%,Median of W,Mean of W,Std of W,Median of D,Mean of D,Std of D,Median of L,Mean of L,Std of L,Median of CS,Mean of CS,Std of CS,Median of CS%,Mean of CS%,Std of CS%,Median of PKatt,Mean of PKatt,Std of PKatt,Median of PKA,Mean of PKA,Std of PKA,Median of PKsv,Mean of PKsv,Std of PKsv,Median of PKm,Mean of PKm,Std of PKm,Median of Save%,Mean of Save%,Std of Save%,Median of Gls,Mean of Gls,Std of Gls,Median of Sh,Mean of Sh,Std of Sh,Median of SoT,Mean of SoT,Std of SoT,Median of SoT%,Mean of SoT%,Std of SoT%,Median of Sh/90,Mean of Sh/90,Std of Sh/90,Median of SoT/90,Mean of SoT/90,Std of SoT/90,Median of G/Sh,Mean of G/Sh,Std of G/Sh,Median of G/SoT,Mean of G/SoT,Std of G/SoT,Median of Dist,Mean of Dist,Std of Dist,Median of FK,Mean of FK,Std of FK,Median of PK,Mean of PK,Std of PK,Median of PKatt,Mean of PKatt,Std of PKatt,Median of xG,Mean of xG,Std of xG,Median of npxG,Mean of npxG,Std of npxG,Median of npxG/Sh,Mean of npxG/Sh,Std of npxG/Sh,Median of G-xG,Mean of G-xG,Std of G-xG,Median of np:G-xG,Mean of np:G-xG,Std of np:G-xG,Median of Cmp,Mean of Cmp,Std of Cmp,Median of Att,Mean of Att,Std of Att,Median of Cmp%,Mean of Cmp%,Std of Cmp%,Median of TotDist,Mean of TotDist,Std of TotDist,Median of PrgDist,Mean of PrgDist,Std of PrgDist,Median of Cmp,Mean of Cmp,Std of Cmp,Median of Att,Mean of Att,Std of Att,Median of Cmp%,Mean of Cmp%,Std of Cmp%,Median of Cmp,Mean of Cmp,Std of Cmp,Median of Att,Mean of Att,Std of Att,Median of Cmp%,Mean of Cmp%,Std of Cmp%,Median of Cmp,Mean of Cmp,Std of Cmp,Median of Att,Mean of Att,Std of Att,Median of Cmp%,Mean of Cmp%,Std of Cmp%,Median of Ast,Mean of Ast,Std of Ast,Median of xAG,Mean of xAG,Std of xAG,Median of xA,Mean of xA,Std of xA,Median of A-xAG,Mean of A-xAG,Std of A-xAG,Median of KP,Mean of KP,Std of KP,Median of 1/3,Mean of 1/3,Std of 1/3,Median of PPA,Mean of PPA,Std of PPA,Median of CrsPA,Mean of CrsPA,Std of CrsPA,Median of PrgP,Mean of PrgP,Std of PrgP,Median of Live,Mean of Live,Std of Live,Median of Dead,Mean of Dead,Std of Dead,Median of FK,Mean of FK,Std of FK,Median of TB,Mean of TB,Std of TB,Median of Sw,Mean of Sw,Std of Sw,Median of Crs,Mean of Crs,Std of Crs,Median of TI,Mean of TI,Std of TI,Median of CK,Mean of CK,Std of CK,Median of In,Mean of In,Std of In,Median of Out,Mean of Out,Std of Out,Median of Str,Mean of Str,Std of Str,Median of Cmp,Mean of Cmp,Std of Cmp,Median of Off,Mean of Off,Std of Off,Median of Blocks,Mean of Blocks,Std of Blocks,Median of SCA,Mean of SCA,Std of SCA,Median of SCA90,Mean of SCA90,Std of SCA90,Median of PassLive,Mean of PassLive,Std of PassLive,Median of PassDead,Mean of PassDead,Std of PassDead,Median of TO,Mean of TO,Std of TO,Median of Sh,Mean of Sh,Std of Sh,Median of Fld,Mean of Fld,Std of Fld,Median of Def,Mean of Def,Std of Def,Median of GCA,Mean of GCA,Std of GCA,Median of GCA90,Mean of GCA90,Std of GCA90,Median of PassLive,Mean of PassLive,Std of PassLive,Median of PassDead,Mean of PassDead,Std of PassDead,Median of TO,Mean of TO,Std of TO,Median of Sh,Mean of Sh,Std of Sh,Median of Fld,Mean of Fld,Std of Fld,Median of Def,Mean of Def,Std of Def,Median of Tkl,Mean of Tkl,Std of Tkl,Median of TklW,Mean of TklW,Std of TklW,Median of TklW,Mean of TklW,Std of TklW,Median of Mid 3rd,Mean of Mid 3rd,Std of Mid 3rd,Median of Att 3rd,Mean of Att 3rd,Std of Att 3rd,Median of Tkl,Mean of Tkl,Std of Tkl,Median of Att,Mean of Att,Std of Att,Median of Tkl%,Mean of Tkl%,Std of Tkl%,Median of Lost,Mean of Lost,Std of Lost,Median of Blocks,Mean of Blocks,Std of Blocks,Median of Sh,Mean of Sh,Std of Sh,Median of Pass,Mean of Pass,Std of Pass,Median of Int,Mean of Int,Std of Int,Median of Tkl + Int,Mean of Tkl + Int,Std of Tkl + Int,Median of Clr,Mean of Clr,Std of Clr,Median of Err,Mean of Err,Std of Err,Median of Touches,Mean of Touches,Std of Touches,Median of Def Pen,Mean of Def Pen,Std of Def Pen,Median of Def 3rd,Mean of Def 3rd,Std of Def 3rd,Median of Mid 3rd,Mean of Mid 3rd,Std of Mid 3rd,Median of Att 3rd,Mean of Att 3rd,Std of Att 3rd,Median of Att Pen,Mean of Att Pen,Std of Att Pen,Median of Live,Mean of Live,Std of Live,Median of Att,Mean of Att,Std of Att,Median of Succ,Mean of Succ,Std of Succ,Median of Succ%,Mean of Succ%,Std of Succ%,Median of Tkld,Mean of Tkld,Std of Tkld,Median of Tkld%,Mean of Tkld%,Std of Tkld%,Median of Carries,Mean of Carries,Std of Carries,Median of TotDist,Mean of TotDist,Std of TotDist,Median of ProDist,Mean of ProDist,Std of ProDist,Median of ProgC,Mean of ProgC,Std of ProgC,Median of 1/3,Mean of 1/3,Std of 1/3,Median of CPA,Mean of CPA,Std of CPA,Median of Mis,Mean of Mis,Std of Mis,Median of Dis,Mean of Dis,Std of Dis,Median of Rec,Mean of Rec,Std of Rec,Median of PrgR,Mean of PrgR,Std of PrgR,Median of Fls,Mean of Fls,Std of Fls,Median of Fld,Mean of Fld,Std of Fld,Median of Off,Mean of Off,Std of Off,Median of Crs,Mean of Crs,Std of Crs,Median of OG,Mean of OG,Std of OG,Median of Recov,Mean of Recov,Std of Recov,Median of Won,Mean of Won,Std of Won,Median of Lost,Mean of Lost,Std of Lost,Median of Won%,Mean of Won%,Std of Won%
0,all,23.0,22.6572,10.1267,16.0,16.9412,11.1558,1419.0,1518.3692,948.2779,82.0,80.0784,8.9924,8.0,10.7667,10.2221,4.0,5.716,5.1983,20.0,21.2683,9.6783,2.0,4.8803,6.3909,1.29,1.3256,0.5925,24.0,27.6694,20.3648,26.0,27.5558,18.2454,23.3,26.141,18.2123,24.7,26.0416,17.0207,1.0,2.2292,3.3489,0.0,0.1947,0.8417,1.0,1.7363,2.4708,3.0,3.3205,2.8397,0.0,0.1176,0.3406,1.1,2.4361,3.5678,1.1,2.2639,3.1096,1.0,1.7546,2.1912,17.0,28.8519,32.2714,44.0,59.3327,57.5225,30.0,58.6531,71.1276,0.07,0.1383,0.1923,0.05,0.0997,0.1376,0.15,0.2379,0.2649,0.07,0.13,0.1807,0.15,0.2295,0.2523,0.08,0.149,0.1774,0.07,0.1046,0.1063,0.17,0.2537,0.2398,0.08,0.1413,0.1652,0.17,0.2462,0.2272,28.0,33.5405,21.9934,1.64,1.7111,0.6156,80.0,98.4324,64.6013,56.0,65.973,44.324,67.7,66.8838,8.3498,6.0,8.0541,6.5345,4.0,4.4324,3.0004,6.0,8.027,6.4367,3.0,4.2432,3.8232,20.0,20.1459,14.373,2.0,2.8919,2.5971,2.0,2.5946,2.5305,0.0,0.2162,0.4728,0.0,0.0811,0.273,0.0,9.7207,21.5554,1.0,2.4239,3.8121,12.0,20.9817,23.073,4.0,7.1785,9.0796,32.5,31.4658,18.5915,1.04,1.3028,1.0992,0.29,0.4471,0.4708,0.08,0.0938,0.1107,0.27,0.295,0.2567,16.3,16.5215,4.7523,0.0,0.574,1.8108,0.0,0.1947,0.8417,0.0,0.217,0.9271,1.1,2.4361,3.5678,1.1,2.2639,3.1096,0.09,0.1016,0.0703,-0.1,-0.0122,1.3831,-0.1,-0.0347,1.3604,494.0,634.8783,549.2745,627.0,786.3935,633.4048,78.7,78.2357,8.2793,7596.0,10789.1339,9766.1876,2329.0,3816.6937,4155.0738,244.0,305.1744,263.459,276.0,341.4402,282.9834,88.6,88.0314,6.8425,174.0,259.0771,254.3593,212.0,298.858,274.722,84.5,82.7793,10.2816,32.0,54.1542,63.6924,60.0,104.2333,132.2601,53.25,54.4674,15.0698,1.0,1.7363,2.4708,1.0,1.7546,2.1912,0.9,1.5531,1.8866,-0.1,-0.0183,1.1306,9.0,15.9554,18.4616,29.0,47.2901,50.2982,8.0,13.7221,16.1529,1.0,2.8641,4.3777,44.0,59.3327,57.5225,567.0,713.7566,583.6474,38.0,69.7059,87.1525,8.0,18.9067,27.4126,1.0,2.6856,4.5366,2.0,4.073,5.9336,10.0,26.6105,42.2797,5.0,27.2231,54.717,0.0,8.3266,23.0396,0.0,4.0649,11.7511,0.0,2.4361,8.8117,0.0,0.2008,0.9286,494.0,634.8783,549.2745,2.0,2.931,3.1143,12.0,14.7282,13.2553,25.0,37.3327,37.6153,2.11,2.2375,1.4695,19.0,27.3448,26.9361,0.0,3.1095,7.6397,1.0,2.1684,3.4184,1.0,2.426,2.9473,1.0,1.5578,2.2598,0.0,0.7262,1.1251,3.0,4.1826,4.9573,0.19,0.2484,0.2671,2.0,2.9432,3.5367,0.0,0.2617,0.7997,0.0,0.3022,0.7373,0.0,0.3306,0.7222,0.0,0.2637,0.6365,0.0,0.0811,0.2945,21.0,27.1116,23.8029,13.0,15.9229,14.2159,9.0,13.1481,13.1371,7.0,10.1237,9.5685,2.0,3.8398,4.0082,9.0,12.5963,12.0907,21.0,25.6856,22.7666,48.1,47.4299,20.2445,10.0,13.0892,12.188,16.0,18.7667,15.3201,3.0,5.9797,7.9422,11.0,12.787,10.8091,9.0,12.7505,12.6884,30.0,39.8621,34.8184,18.0,31.5254,36.061,0.0,0.6653,1.0956,809.0,959.9513,714.9215,37.0,107.0284,200.7797,176.0,315.1927,347.6867,315.0,410.14,368.8344,172.0,243.5497,239.2115,23.0,40.2394,47.342,809.0,959.7343,714.8085,17.0,28.6937,32.8472,8.0,13.0892,15.4328,46.3,47.2591,19.1796,7.0,12.5517,14.8828,42.9,41.754,18.968,455.0,549.3834,434.9307,2331.0,2903.284,2278.1727,1150.0,1492.9067,1256.9623,17.0,28.8519,32.2714,14.0,20.3428,19.9611,3.0,9.1988,15.9903,15.0,21.7566,20.9399,9.0,14.5051,16.0515,511.0,628.4219,507.5664,30.0,58.6531,71.1276,14.0,16.9047,13.6657,12.0,16.3732,15.6925,1.0,2.9209,4.643,10.0,26.6105,42.2797,0.0,0.0994,0.3314,62.0,74.1805,55.7856,12.0,20.4888,23.803,16.0,20.4442,20.9534,46.9,48.3388,21.5148
1,Bournemouth,25.5,22.0769,11.622,13.0,16.0385,12.4853,1317.5,1438.4231,1053.2778,83.0,79.0,9.757,5.5,9.5,10.6383,5.5,6.0385,5.1775,23.0,23.2727,7.8229,3.0,4.4231,5.4995,1.23,1.2438,0.3004,19.0,22.8077,16.5948,28.5,28.1538,18.9751,19.0,23.5,17.3618,26.05,24.4231,17.3675,0.5,1.9231,3.6577,0.0,0.0769,0.3846,1.0,1.5,1.4741,3.0,3.0,2.8823,0.0,0.1154,0.3195,1.15,2.1885,3.8327,1.15,2.0962,3.4188,1.1,1.5731,1.5696,22.0,27.0385,25.6687,43.5,50.0385,45.0021,27.5,49.5,57.9451,0.015,0.1442,0.2129,0.08,0.1058,0.1221,0.15,0.2504,0.2828,0.015,0.1423,0.2098,0.15,0.2481,0.2802,0.06,0.1923,0.2979,0.075,0.1119,0.0952,0.15,0.3042,0.3658,0.06,0.19,0.2955,0.15,0.3019,0.364,7.0,22.3333,23.1132,1.72,2.1567,0.9691,18.0,64.6667,71.0039,13.0,42.3333,47.9884,69.7,61.3,17.9148,2.0,4.3333,4.0277,0.0,3.0,4.2426,2.0,5.3333,5.4365,2.0,3.0,2.9439,21.9,23.9667,20.4647,1.0,2.3333,2.6247,1.0,2.0,2.1602,0.0,0.3333,0.4714,0.0,0.0,0.0,8.35,8.35,8.35,0.5,2.0,3.9807,12.5,20.5385,25.6579,3.5,6.6538,9.0764,30.5,30.6182,19.6849,0.955,1.5612,1.6957,0.25,0.5162,0.6027,0.065,0.0673,0.0771,0.25,0.2484,0.2466,17.6,17.3091,5.554,0.0,0.6923,1.6354,0.0,0.0769,0.3846,0.0,0.1154,0.5769,1.15,2.1885,3.8327,1.15,2.0962,3.4188,0.08,0.0918,0.0559,-0.1,-0.1885,1.0584,-0.1,-0.1731,1.0552,385.5,455.1538,376.2412,540.5,608.6154,485.5391,74.75,73.9346,6.2433,5953.0,8459.2692,7873.2739,1703.5,3185.3462,3596.9887,188.0,190.1538,138.4034,237.5,224.1538,161.7545,85.2,85.9115,6.7542,142.5,201.8846,204.0924,172.5,237.9231,226.0076,81.0,81.7115,10.3453,25.5,53.3077,63.8157,56.5,113.3846,139.0114,47.1,49.3,13.3515,1.0,1.5,1.4741,1.1,1.5731,1.5696,0.95,1.2808,1.3356,-0.05,-0.0731,0.8955,10.5,15.8846,15.4878,25.0,40.8846,43.9093,12.5,13.5,11.7809,2.0,3.3846,4.1331,43.5,50.0385,45.0021,463.0,537.6538,442.015,42.5,68.8077,79.0798,6.5,16.0769,23.193,1.0,1.8077,3.3284,2.5,3.5,4.1067,14.0,27.0385,33.8702,4.0,29.4615,55.8613,0.0,9.0,21.2585,0.0,7.3462,18.1637,0.0,0.3462,1.0356,0.0,0.1538,0.3608,385.5,455.1538,376.2412,1.5,2.1538,2.3154,16.5,13.7692,10.1538,30.0,36.3846,31.3247,2.37,2.5285,1.5132,25.5,26.8462,23.0045,1.0,2.6923,4.9441,1.0,2.3462,3.281,1.5,2.1538,2.413,1.0,1.3077,1.5877,1.0,1.0385,1.1596,3.0,3.1923,2.5723,0.2,0.2288,0.2272,2.0,2.3846,2.1318,0.0,0.1154,0.4231,0.0,0.1923,0.4819,0.0,0.2308,0.6966,0.0,0.1154,0.3195,0.0,0.1538,0.3608,24.0,26.4615,22.878,14.5,15.6538,13.1615,7.5,11.5,11.0879,9.5,10.6923,10.11,3.5,4.2692,4.2748,9.0,12.4231,11.2871,27.0,26.1923,22.6648,47.35,46.2545,14.0954,13.0,13.7692,12.3298,17.0,19.1538,16.5847,3.0,5.8077,7.83,12.5,13.3462,11.6518,7.5,13.6154,16.2246,33.5,40.0769,37.7083,22.0,31.1154,34.6069,0.0,0.6154,1.0406,733.0,790.6923,593.2752,43.0,95.1538,183.3919,138.0,260.6923,303.0614,284.0,323.6154,295.199,160.5,216.9231,199.4785,14.5,39.5385,50.3642,733.0,790.5769,593.2213,17.5,32.9231,35.8125,10.0,14.4615,15.6604,43.1,46.7261,16.6152,8.0,15.6154,18.4622,42.6,40.0391,19.4208,365.5,421.1538,322.5696,2314.5,2536.6923,1939.278,1162.0,1324.1154,1085.6047,22.0,27.0385,25.6687,17.5,19.5,19.8886,2.5,9.1923,12.6613,16.0,24.2692,28.491,9.0,14.7308,19.6323,421.5,449.6538,341.7687,27.5,49.5,57.9451,16.0,19.3846,15.8286,12.5,14.3077,12.2718,1.0,2.1538,3.3246,14.0,27.0385,33.8702,0.0,0.0385,0.1923,72.0,76.9615,64.8629,15.0,22.1923,23.4373,21.0,25.6538,28.819,42.1,45.768,21.2395
2,Fulham,29.0,27.2381,7.8005,18.0,19.9048,9.8411,1593.0,1773.7143,814.1398,80.0,80.381,7.6499,7.0,11.619,10.3302,5.0,7.3333,6.1049,18.0,18.1579,7.0357,3.0,4.2857,4.165,1.24,1.221,0.1146,25.0,28.4762,13.4363,28.0,31.1905,13.326,25.5,26.2667,12.4913,28.8,32.3238,13.5107,2.0,2.4762,2.4421,0.0,0.0952,0.4259,1.0,1.8571,2.1884,3.0,3.9048,2.6169,0.0,0.1905,0.3927,1.6,2.4667,2.2681,1.6,2.3952,2.2068,1.1,1.7905,1.8575,15.0,31.5714,31.6943,62.0,69.6667,46.9674,48.0,68.619,62.2908,0.1,0.1767,0.1822,0.06,0.111,0.166,0.17,0.2876,0.2744,0.1,0.1724,0.1831,0.17,0.2838,0.2753,0.11,0.159,0.1461,0.1,0.0976,0.077,0.19,0.2567,0.2049,0.11,0.1562,0.1454,0.19,0.2533,0.2031,61.0,61.0,0.0,1.61,1.61,0.0,190.0,190.0,0.0,133.0,133.0,0.0,72.1,72.1,0.0,13.0,13.0,0.0,8.0,8.0,0.0,17.0,17.0,0.0,10.0,10.0,0.0,26.3,26.3,0.0,8.0,8.0,0.0,8.0,8.0,0.0,0.0,0.0,0.0,0.0,0.0,0.0,0.0,0.0,0.0,2.0,2.5714,2.4606,14.0,23.619,20.259,7.0,8.2381,7.0704,33.9,37.645,18.2365,1.04,1.3776,1.074,0.47,0.5281,0.4951,0.1,0.1535,0.2069,0.3,0.3755,0.3112,15.85,15.555,5.443,0.0,0.6667,1.6134,0.0,0.0952,0.4259,0.0,0.0952,0.4259,1.6,2.4667,2.2681,1.6,2.3952,2.2068,0.095,0.142,0.1931,0.0,0.1048,0.8097,0.0,0.081,0.8511,912.0,772.4286,443.4831,1060.0,957.619,543.4826,79.9,78.8952,7.2824,16128.0,13751.7143,8817.6188,3848.0,4771.6667,4190.748,306.0,332.5714,187.0512,333.0,373.6667,209.2165,88.8,87.7476,6.4983,325.0,344.8095,237.7741,403.0,395.2857,255.6434,82.8,82.2,10.7682,66.0,75.1429,60.9225,109.0,135.381,128.6377,57.8,60.4333,13.0022,1.0,1.8571,2.1884,1.1,1.7905,1.8575,1.0,1.5952,1.6019,0.0,0.0667,1.2963,13.0,18.0,20.0832,47.0,52.8095,31.9503,10.0,16.7619,17.9892,2.0,4.4762,5.9731,62.0,69.6667,46.9674,1029.0,872.0,473.5051,38.0,83.2381,101.7747,17.0,22.0,22.8411,2.0,2.7619,3.3367,3.0,5.619,5.5246,19.0,34.8095,52.2764,2.0,32.2857,80.169,0.0,10.0952,31.9611,0.0,3.3333,10.562,0.0,4.6667,15.8274,0.0,0.0476,0.213,912.0,772.4286,443.4831,2.0,2.381,1.9143,13.0,19.8571,17.1528,29.0,41.619,37.1156,1.97,2.1995,1.4476,21.0,30.9524,26.8709,0.0,3.7619,10.4056,1.0,1.8571,1.8332,3.0,3.1905,3.0334,0.0,1.1429,1.8844,0.0,0.7143,0.8248,2.0,4.4762,4.4681,0.19,0.2748,0.2937,1.0,3.4286,3.8492,0.0,0.2857,0.9331,0.0,0.1905,0.3927,0.0,0.381,0.7222,0.0,0.1429,0.3499,0.0,0.0476,0.213,24.0,32.0952,33.1029,14.0,18.1429,17.3597,9.0,16.0476,19.648,8.0,12.2381,12.4323,2.0,3.8095,3.3469,11.0,16.4286,22.3235,21.0,32.1429,34.6359,47.65,44.09,19.2641,12.0,15.7143,14.0954,16.0,20.7143,14.8969,3.0,5.5714,5.2876,12.0,15.1429,12.8185,13.0,17.5238,18.3967,40.0,49.619,48.9377,19.0,35.3333,32.9868,0.0,0.6667,1.0838,1258.0,1150.1429,609.8715,34.0,132.7143,267.1524,214.0,408.0952,413.3828,519.0,490.1429,285.5185,220.0,262.6667,222.9457,31.0,39.9524,30.2835,1258.0,1150.0476,609.8431,20.0,25.381,22.1133,9.0,12.5238,10.9571,48.15,52.535,19.4096,9.0,10.6667,9.9968,42.05,37.845,19.4923,794.0,657.0476,336.3226,3780.0,3435.4762,1959.266,1855.0,1739.5714,1105.3794,15.0,31.5714,31.6943,13.0,23.9524,23.5098,4.0,7.1429,8.1725,25.0,24.619,16.8423,10.0,15.2857,11.5228,884.0,765.5714,368.0743,48.0,68.619,62.2908,16.0,17.7619,11.1821,11.0,17.0,14.0136,2.0,2.4286,2.8879,19.0,34.8095,52.2764,0.0,0.1905,0.4994,72.0,86.8571,56.1599,13.0,22.8095,18.8493,19.0,23.6667,23.216,52.2,50.2381,15.7826
3,Luton Town,23.0,22.84,8.9786,16.0,16.72,9.954,1304.0,1500.84,848.2056,80.0,79.6,6.7705,8.0,10.4,9.491,4.0,6.12,5.8945,21.5,22.8,7.1176,2.0,3.08,3.9992,0.68,0.6804,0.1494,22.0,22.76,13.6771,36.0,37.16,21.1029,18.2,18.596,11.0025,28.9,34.176,19.0772,1.0,1.76,2.3542,0.0,0.2,0.9798,0.0,1.32,1.9539,3.0,2.8,1.9799,0.0,0.0,0.0,1.0,1.748,2.4541,1.0,1.592,1.8961,0.7,1.204,1.4231,15.0,27.0,30.6346,37.0,44.44,35.5889,21.0,43.72,48.7011,0.07,0.1272,0.1659,0.0,0.0784,0.0964,0.18,0.2052,0.2088,0.07,0.1208,0.1601,0.18,0.1988,0.203,0.06,0.1076,0.1127,0.06,0.0712,0.0599,0.14,0.1804,0.1435,0.06,0.1024,0.1035,0.14,0.1752,0.1357,85.0,85.0,0.0,2.25,2.25,0.0,221.0,221.0,0.0,140.0,140.0,0.0,63.3,63.3,0.0,6.0,6.0,0.0,8.0,8.0,0.0,24.0,24.0,0.0,2.0,2.0,0.0,5.3,5.3,0.0,4.0,4.0,0.0,4.0,4.0,0.0,0.0,0.0,0.0,0.0,0.0,0.0,0.0,0.0,0.0,1.0,1.96,2.8633,11.0,17.08,17.5018,3.0,5.36,6.3427,26.9,32.5542,23.8434,0.8,1.1004,0.8461,0.25,0.3492,0.3128,0.08,0.0917,0.0963,0.25,0.3423,0.3258,16.05,16.0625,4.1094,0.0,0.44,1.2674,0.0,0.2,0.9798,0.0,0.2,0.9798,1.0,1.748,2.4541,1.0,1.592,1.8961,0.085,0.0863,0.0399,-0.1,0.212,0.9925,-0.1,0.168,1.0418,369.0,440.32,308.9374,513.0,602.0,428.4808,72.4,72.652,7.6617,6404.0,8021.96,6768.6785,1636.0,3236.36,4383.8444,180.0,198.32,134.9378,203.0,230.92,152.8704,86.9,85.028,6.2196,136.0,176.92,130.7663,189.0,216.4,149.6936,77.5,77.956,9.7948,32.0,51.24,75.1288,57.0,114.56,189.3046,46.3,45.66,11.5951,0.0,1.32,1.9539,0.7,1.204,1.4231,0.6,1.1,1.2195,-0.1,0.116,0.9784,8.0,12.6,15.0093,27.0,33.32,29.8003,6.0,10.0,9.7898,1.0,3.6,5.4772,37.0,44.44,35.5889,475.0,524.64,336.1041,28.0,74.72,128.6177,6.0,19.84,35.9719,0.0,0.88,1.5052,2.0,4.44,5.4997,13.0,33.64,66.6285,7.0,28.08,55.3808,0.0,8.12,29.4772,0.0,3.72,12.9384,0.0,4.04,15.655,0.0,0.2,0.9798,369.0,440.32,308.9374,2.0,2.64,2.9378,10.0,16.52,15.4016,19.0,29.96,30.2542,1.67,1.7252,1.0381,13.0,20.16,17.6741,0.0,2.92,9.2948,1.0,2.36,3.4972,1.0,2.2,2.5612,1.0,1.84,2.8097,0.0,0.48,0.806,2.0,3.24,4.0128,0.16,0.1712,0.1638,1.0,1.84,2.0723,0.0,0.28,1.04,0.0,0.24,0.5122,0.0,0.64,0.9749,0.0,0.24,0.8139,0.0,0.0,0.0,21.0,26.12,17.5324,13.0,14.72,10.145,11.0,13.16,9.2636,7.0,9.44,6.946,2.0,3.52,3.7429,11.0,11.96,8.4828,22.0,24.6,17.3274,53.3,50.412,18.0897,11.0,12.64,10.4762,22.0,19.72,12.1475,6.0,7.32,6.9726,11.0,12.4,8.6948,8.0,13.0,12.8592,27.0,39.12,28.7379,22.0,36.56,31.5786,0.0,0.84,1.0837,694.0,784.12,491.8188,51.0,104.72,214.9704,160.0,279.84,313.6942,320.0,315.48,226.108,119.0,198.48,187.4057,20.0,31.2,32.6435,694.0,783.92,491.7031,16.0,30.84,32.4477,7.0,14.16,17.0849,50.0,47.492,19.7358,7.0,13.24,13.6096,37.5,42.212,20.5594,385.0,401.88,257.2327,2122.0,2395.08,1779.5271,1099.0,1191.04,970.7131,15.0,27.0,30.6346,9.0,19.2,18.9061,2.0,6.76,10.1834,18.0,23.16,18.7546,10.0,15.36,15.5019,439.0,435.2,272.3718,21.0,43.72,48.7011,18.0,17.68,11.0371,12.0,17.92,15.9246,1.0,2.68,3.9771,13.0,33.64,66.6285,0.0,0.16,0.463,64.0,74.6,48.6053,17.0,25.4,27.0481,16.0,25.2,32.4481,50.0,53.168,19.4895
4,Brighton,20.0,20.9286,8.5937,15.0,14.8929,8.4488,1344.5,1338.1071,754.9397,79.5,76.8571,10.9209,5.5,8.5357,9.1006,5.0,6.0357,4.4359,22.5,24.5833,9.8146,3.0,4.6786,5.2716,1.295,1.2571,0.3084,20.0,21.5357,13.0698,26.0,24.2143,12.5708,21.75,22.2536,12.8094,22.3,21.6393,12.1939,0.0,1.6071,2.006,0.0,0.1786,0.7585,1.0,1.2857,2.0152,3.0,3.1429,2.1665,0.0,0.1071,0.3093,1.0,2.0679,2.5804,1.0,1.8964,2.0399,0.9,1.5,1.6605,21.0,30.8214,30.9816,43.0,63.5,66.3634,41.0,63.0357,72.8837,0.0,0.1161,0.1524,0.04,0.0911,0.1126,0.215,0.2064,0.1864,0.0,0.1086,0.1438,0.215,0.1993,0.1773,0.075,0.1404,0.1509,0.1,0.1082,0.0843,0.23,0.2479,0.1971,0.075,0.1329,0.137,0.23,0.2407,0.1845,31.0,31.0,3.0,1.665,1.665,0.335,82.5,82.5,8.5,52.5,52.5,10.5,65.3,65.3,7.2,6.0,6.0,1.0,6.0,6.0,2.0,7.0,7.0,1.0,3.0,3.0,1.0,15.4,15.4,3.6,3.0,3.0,0.0,3.0,3.0,0.0,0.0,0.0,0.0,0.0,0.0,0.0,0.0,0.0,0.0,0.0,1.7857,2.3808,14.0,19.75,17.7153,5.5,7.0714,6.8968,36.4,32.952,17.4186,1.18,1.4443,1.2299,0.405,0.5157,0.4901,0.06,0.07,0.0775,0.19,0.175,0.1607,16.8,17.284,4.561,0.0,0.3929,1.0467,0.0,0.1786,0.7585,0.0,0.2143,0.9395,1.0,2.0679,2.5804,1.0,1.8964,2.0399,0.08,0.0844,0.0337,-0.3,-0.2821,1.0375,-0.3,-0.2893,1.0533,500.5,778.0,763.7338,617.5,892.6071,837.3134,84.1,84.2143,5.3012,6916.0,12168.2143,12814.2008,1599.5,4059.0714,4949.7225,304.0,412.8214,374.0999,328.0,444.7857,388.7251,91.6,91.575,4.2699,167.0,294.6786,336.3625,192.5,325.3929,356.8591,86.5,86.2857,7.5097,18.5,46.2857,58.2929,28.5,77.2857,97.5946,58.9,59.225,15.4236,1.0,1.2857,2.0152,0.9,1.5,1.6605,0.9,1.5571,1.8724,-0.25,-0.2143,0.8847,9.5,15.2857,19.3831,23.0,53.0,65.3928,7.5,13.7143,16.3048,1.0,2.8929,5.5699,43.0,63.5,66.3634,561.5,832.1071,780.8668,35.0,57.5,67.2525,6.0,18.25,29.8432,1.5,2.2143,2.2418,1.0,2.7143,4.1906,7.0,23.9643,45.5721,6.5,19.2857,25.9531,0.0,7.3571,24.6493,0.0,3.0714,10.4947,0.0,2.6071,10.6111,0.0,0.1786,0.6576,500.5,778.0,763.7338,2.0,3.0,2.5912,9.5,11.6786,9.1028,23.0,36.0,37.0357,2.55,2.43,1.28,16.0,26.7143,24.2632,0.0,3.1071,9.9798,0.5,1.9286,3.2175,1.0,2.5,3.1904,0.0,1.3571,2.1417,0.0,0.3929,0.5567,2.0,3.1786,3.799,0.145,0.2018,0.1769,2.0,2.1071,2.2574,0.0,0.1786,0.5381,0.0,0.3214,0.9656,0.0,0.3214,0.6008,0.0,0.2143,0.5579,0.0,0.0357,0.1856,19.5,22.9643,17.1015,13.5,13.0714,11.0127,9.0,10.3929,8.8331,7.0,9.0,6.5683,3.0,3.5714,3.6197,9.0,10.9286,9.6026,18.0,23.3929,17.7167,45.95,44.5536,21.3702,9.5,12.4643,9.4999,11.5,15.5,13.8138,2.0,4.9643,8.313,9.5,10.5357,8.8054,8.5,10.2857,8.7785,29.0,33.25,24.2113,13.0,21.4286,22.5142,0.0,0.75,1.122,719.0,1037.6786,894.0586,25.5,114.0714,199.8578,132.5,337.0357,414.4233,285.0,466.75,466.0506,151.0,240.75,224.7404,20.5,38.5,45.9934,719.0,1037.4643,893.9277,17.0,25.5,30.7797,6.0,10.5714,12.7067,40.7,41.9519,20.772,6.0,11.5,15.0819,43.3,43.9889,19.9433,466.5,678.0357,607.0361,2217.0,3313.8929,2890.7047,1026.5,1744.0714,1639.1535,21.0,30.8214,30.9816,16.5,20.7857,17.9689,2.5,9.5714,17.1952,15.0,20.4643,18.4381,6.5,12.1786,13.7375,512.0,769.0357,704.1392,41.0,63.0357,72.8837,12.0,14.6786,9.7287,12.5,16.2143,14.1859,1.5,2.9643,3.9864,7.0,23.9643,45.5721,0.0,0.0714,0.2575,43.5,62.3929,45.0225,7.5,14.4643,16.7385,11.5,12.2143,8.6493,45.7,47.9357,23.0802
5,West Ham,23.5,23.3636,10.5768,21.0,19.0,13.2012,1776.0,1701.7273,1110.8963,85.5,82.5,7.4269,15.0,13.9545,11.4791,3.0,4.3636,4.2055,23.0,22.1765,9.5069,3.0,7.2727,9.1561,1.335,1.2814,0.314,30.0,29.8182,20.7685,39.0,36.7727,23.5564,26.05,25.9591,16.9809,36.65,35.3045,22.7218,1.0,2.4091,3.8217,0.0,0.1818,0.575,0.0,1.8182,2.5873,2.5,3.6364,3.4185,0.0,0.1364,0.3432,1.3,2.3773,2.9857,1.25,2.1955,2.8668,0.35,1.5955,2.1829,10.0,25.2727,31.2616,33.5,54.7727,50.8402,28.0,53.7727,62.8916,0.045,0.1345,0.1951,0.0,0.0655,0.0848,0.095,0.1991,0.2288,0.045,0.1286,0.1949,0.095,0.1932,0.225,0.07,0.1236,0.1177,0.055,0.0723,0.0717,0.115,0.195,0.1704,0.07,0.1136,0.1119,0.115,0.1859,0.1592,37.0,37.0,16.0,2.195,2.195,0.425,120.5,120.5,67.5,84.5,84.5,51.5,70.25,70.25,4.25,7.0,7.0,4.0,5.0,5.0,4.0,7.0,7.0,4.0,2.5,2.5,1.5,13.6,13.6,0.7,5.0,5.0,2.0,4.0,4.0,1.0,1.0,1.0,1.0,0.0,0.0,0.0,14.3,14.3,14.3,1.0,2.5909,3.9157,13.0,20.1364,21.9779,3.0,6.5909,8.5102,27.8,30.7211,14.2163,0.93,1.1727,0.9514,0.3,0.3823,0.3283,0.07,0.0853,0.0786,0.32,0.3028,0.247,17.3,16.6263,5.1319,0.0,0.7727,3.3294,0.0,0.1818,0.575,0.0,0.2273,0.5979,1.3,2.3773,2.9857,1.25,2.1955,2.8668,0.1,0.0905,0.0433,-0.05,0.2136,1.2765,-0.05,0.2136,1.2477,483.0,569.4091,439.8464,668.5,742.0455,552.0325,75.5,75.2727,6.6034,8262.0,9948.5,7444.8713,2709.5,3885.5,3514.1953,148.5,273.2727,243.6352,167.5,310.0,271.0406,88.6,87.4955,6.1721,186.0,218.6364,170.4887,217.0,261.0455,199.157,81.1,82.0909,10.2541,53.5,60.4091,57.7256,95.0,123.5,125.4217,49.8,47.0636,15.4917,0.0,1.8182,2.5873,0.35,1.5955,2.1829,0.35,1.4,1.8781,0.0,0.2227,0.8979,5.0,13.8636,16.5647,26.5,44.5,42.9172,5.0,10.2273,13.4905,0.5,3.2273,5.5098,33.5,54.7727,50.8402,576.0,660.1818,486.4188,39.5,78.6364,104.1129,10.5,19.5,24.4907,1.0,2.7273,6.1362,4.0,7.1818,8.1667,7.0,30.0455,46.4313,3.0,32.6818,82.0722,0.0,7.5,25.2312,0.0,4.2273,14.1965,0.0,2.7727,11.0245,0.0,0.0,0.0,483.0,569.4091,439.8464,2.0,3.2273,2.9531,9.5,18.6818,19.555,16.5,35.4545,36.0779,1.935,1.9841,1.3202,12.5,23.4545,22.4453,0.5,4.1364,10.9723,0.0,2.6364,5.3219,1.0,1.9545,2.1208,1.0,2.1364,3.1377,1.0,1.1364,1.2171,1.5,4.7273,5.9175,0.16,0.2091,0.2085,1.0,3.1818,4.0635,0.0,0.5,1.5,0.0,0.3636,0.7714,0.0,0.3636,0.7714,0.0,0.1818,0.4896,0.0,0.1364,0.3432,19.0,31.0455,29.5335,11.0,19.3182,19.0201,11.5,15.9091,16.0168,7.5,11.5,11.4008,1.5,3.6364,4.715,9.5,13.9545,13.7988,16.0,27.5455,24.6682,49.05,49.5318,17.6322,8.5,13.5909,11.9151,18.5,22.0455,18.7749,3.0,8.0909,9.4191,8.5,13.9545,12.7403,8.5,16.3636,15.2511,31.0,47.4091,43.0662,15.0,41.1364,44.6667,0.0,0.4091,0.8344,898.5,946.0,677.2835,51.5,118.2727,176.8531,224.0,331.4545,286.0723,299.0,412.0455,349.2984,108.5,212.4091,216.391,22.5,34.0,40.025,898.5,945.7273,677.0062,12.5,33.8636,49.1494,6.0,16.0455,26.4446,46.2,46.2095,24.5439,6.5,14.5909,19.2346,41.9,44.2429,21.5061,445.5,506.8182,353.5536,2329.0,2752.4545,1963.7705,1216.5,1307.8182,959.8401,10.0,25.2727,31.2616,9.5,16.6818,17.5846,2.0,7.6364,12.8046,11.5,23.1364,26.6889,8.0,18.0455,25.9658,408.5,564.2727,415.9895,28.0,53.7727,62.8916,14.5,17.5455,14.9688,6.5,17.7727,20.1357,1.0,3.2273,5.435,7.0,30.0455,46.4313,0.0,0.1818,0.4896,62.5,82.2273,66.0688,20.0,25.9091,25.7486,23.0,25.5909,22.9855,50.95,50.4909,23.301
6,Crystal Palace,22.5,22.4583,9.278,17.5,17.4167,10.7623,1587.5,1566.0,891.5632,85.0,84.3333,4.9697,11.0,12.1667,9.8432,4.0,5.0417,5.0289,17.0,18.7778,11.5929,2.5,4.9583,6.0586,1.29,1.2808,0.3634,29.5,26.125,15.6213,26.0,26.375,15.2556,23.05,22.2375,12.211,23.7,23.7792,13.4766,0.0,2.1667,3.7823,0.0,0.1667,0.4714,1.0,1.7917,2.0611,2.5,3.0417,2.541,0.0,0.0833,0.2764,0.6,2.0458,2.9219,0.6,1.9167,2.6193,1.0,1.6125,1.6764,14.5,21.0833,20.7101,40.5,48.9583,37.8159,17.5,48.375,57.0904,0.0,0.1121,0.2085,0.045,0.1004,0.1237,0.08,0.2129,0.2902,0.0,0.1042,0.1892,0.08,0.2046,0.2709,0.04,0.1183,0.1391,0.07,0.0967,0.105,0.125,0.2146,0.2179,0.04,0.1117,0.1258,0.125,0.2079,0.2046,28.5,28.5,1.5,1.51,1.51,0.16,76.5,76.5,9.5,49.0,49.0,8.0,64.5,64.5,1.8,6.5,6.5,1.5,5.0,5.0,1.0,7.5,7.5,1.5,5.0,5.0,1.0,26.1,26.1,3.9,1.5,1.5,0.5,1.5,1.5,0.5,0.0,0.0,0.0,0.0,0.0,0.0,0.0,0.0,0.0,0.0,2.3333,4.2098,9.5,18.8333,21.3964,2.0,6.75,9.2568,27.3,25.7476,17.7923,0.57,1.2512,1.2418,0.17,0.3962,0.4592,0.0,0.0629,0.0832,0.195,0.2037,0.1918,18.2,16.8143,4.4799,0.0,0.8333,2.5276,0.0,0.1667,0.4714,0.0,0.1667,0.4714,0.6,2.0458,2.9219,0.6,1.9167,2.6193,0.08,0.0843,0.0442,0.0,0.2875,1.5189,0.0,0.25,1.4219,479.5,537.375,410.2529,599.5,697.0,515.252,77.0,76.3833,8.2953,7843.5,9382.5,8200.0188,2749.5,3532.5,3456.1622,237.5,251.3333,172.7172,266.5,287.9583,197.6439,87.6,87.2042,5.9277,159.0,222.1667,213.8743,209.5,261.625,239.9644,84.55,83.9125,8.6484,27.5,50.0,61.8877,68.0,108.2917,131.4475,47.4,50.6913,15.7809,1.0,1.7917,2.0611,1.0,1.6125,1.6764,1.05,1.3208,1.4572,0.0,0.1792,0.9101,14.0,14.7083,13.6519,36.0,41.4167,39.6421,6.0,11.375,11.9715,1.5,2.5,3.3665,40.5,48.9583,37.8159,546.0,621.875,469.5305,39.5,72.125,82.9811,10.5,20.0833,25.5358,1.0,2.1667,2.6874,1.5,4.0417,7.0739,10.5,24.2917,32.3361,1.0,30.0417,75.3129,0.0,7.4167,16.4391,0.0,3.375,7.6693,0.0,2.375,5.3136,0.0,0.25,0.7217,479.5,537.375,410.2529,2.0,3.0,3.3665,13.5,15.25,14.9367,25.5,33.0833,28.7096,2.155,1.985,1.4617,20.0,23.0833,17.7057,0.0,3.0833,6.1368,0.5,2.0,3.2787,1.0,2.0833,2.431,0.5,1.875,3.1926,1.0,0.9583,0.9781,3.0,4.2917,3.9737,0.145,0.27,0.2645,3.0,3.5417,3.0954,0.0,0.1667,0.3727,0.0,0.25,0.5204,0.0,0.0833,0.2764,0.0,0.25,0.5951,0.0,0.0,0.0,31.0,32.8333,24.5385,17.0,19.3333,14.4732,12.5,15.5417,16.013,12.0,12.5417,8.17,3.0,4.75,4.3517,14.0,14.0417,10.7412,24.0,25.375,16.6679,50.0,55.5542,17.8379,10.0,11.3333,7.3579,17.0,19.0,15.4785,2.0,5.0833,5.7873,11.5,13.9167,12.7276,11.0,13.4167,11.4234,46.0,46.25,33.966,17.0,38.5833,49.1561,0.0,0.25,0.5204,733.5,889.0,616.3762,27.0,97.5833,146.1024,163.5,300.8333,314.8598,359.5,386.125,295.9374,161.5,211.4583,192.3694,14.0,33.2083,35.2928,732.5,888.8333,616.3678,14.5,30.7083,37.495,8.5,14.2083,16.7779,48.4,50.2591,15.6772,5.5,13.3333,17.2884,41.35,40.2682,15.7109,367.5,455.5417,316.0929,1886.0,2312.5833,1719.297,875.0,1117.75,907.0471,14.5,21.0833,20.7101,11.0,15.9583,16.2749,2.0,7.0833,10.8279,12.5,25.25,26.582,7.5,17.75,22.127,457.0,533.2083,374.4672,17.5,48.375,57.0904,16.0,19.0417,14.5673,11.5,17.7917,20.6599,1.0,3.0,5.416,10.5,24.2917,32.3361,0.0,0.0833,0.2764,75.0,79.4583,59.1805,12.5,22.9167,23.6976,17.0,23.125,20.3128,48.5,50.2667,17.4845
7,Sheffield Utd,14.5,18.8,10.4064,11.0,13.9333,10.3728,940.5,1247.1,927.3981,79.5,73.8,14.9073,7.0,8.7667,9.2653,4.5,4.8667,3.7035,25.0,26.3333,8.4152,2.0,4.3,5.0935,0.42,0.379,0.1651,11.0,12.8,10.0975,28.5,37.7667,28.0484,9.4,13.9567,10.8949,21.05,27.88,20.193,0.0,0.8667,1.5217,0.0,0.1667,0.4534,0.0,0.6,1.3064,2.0,3.3667,3.0603,0.0,0.1667,0.4534,0.45,1.32,1.865,0.4,1.1867,1.636,0.45,0.87,1.2251,7.0,11.4,13.1164,16.5,29.4333,29.5406,18.0,29.0667,33.2023,0.0,0.0557,0.1184,0.0,0.031,0.0602,0.0,0.0867,0.1626,0.0,0.0447,0.0945,0.0,0.0757,0.1383,0.055,0.0947,0.1225,0.045,0.0717,0.0859,0.11,0.167,0.162,0.045,0.086,0.1054,0.105,0.1583,0.1468,52.0,52.0,27.0,2.8,2.8,0.12,131.5,131.5,72.5,83.0,83.0,47.0,60.65,60.65,3.05,1.5,1.5,1.5,3.5,3.5,0.5,14.0,14.0,8.0,0.5,0.5,0.5,1.7,1.7,1.7,3.5,3.5,2.5,2.5,2.5,2.5,0.0,0.0,0.0,1.0,1.0,0.0,0.0,0.0,0.0,0.0,1.0333,1.7978,6.5,12.0,13.4065,1.5,3.9,4.7142,29.25,31.0692,24.8222,0.575,0.8693,0.7833,0.18,0.2863,0.3356,0.0,0.0338,0.049,0.0,0.1248,0.1537,15.8,16.6885,5.4835,0.0,0.2667,1.1235,0.0,0.1667,0.4534,0.0,0.1667,0.4534,0.45,1.32,1.865,0.4,1.1867,1.636,0.075,0.0992,0.0716,-0.2,-0.2867,0.534,-0.3,-0.32,0.5498,217.0,317.0,268.6192,308.5,449.3667,375.3513,71.05,69.93,7.3453,3094.0,5655.5,5377.5681,1101.5,2376.1,3156.0545,112.0,149.2667,119.9603,132.0,177.9333,139.766,85.3,83.34,8.6612,71.5,124.3333,122.3599,94.5,156.2667,148.5844,78.55,75.88,12.1929,15.0,34.8,51.1836,41.0,87.6,137.37,42.2,45.9867,15.6023,0.0,0.6,1.3064,0.45,0.87,1.2251,0.4,0.7133,0.9171,-0.2,-0.27,0.5398,3.5,8.5667,13.2707,17.5,23.3667,23.0369,4.5,6.6,8.0316,1.0,1.6,2.0913,16.5,29.4333,29.5406,269.5,391.3,323.3851,20.5,55.9333,81.2535,2.0,12.6667,25.2551,0.0,0.8333,1.4162,1.0,1.7333,2.6575,6.0,14.2333,23.2417,1.5,22.1333,42.223,0.0,4.7,15.1441,0.0,2.3333,8.2152,0.0,1.5667,5.8747,0.0,0.2,0.7916,217.0,317.0,268.6192,2.0,2.1333,2.2171,9.0,10.6,8.9614,12.0,20.0333,22.8115,1.385,1.5263,0.9593,8.0,14.1667,15.2842,0.0,1.9667,4.4757,0.0,1.3,2.5318,1.0,1.5,1.7078,0.0,0.7333,1.1528,0.0,0.3667,0.6574,1.0,1.6,2.5245,0.03,0.11,0.139,0.0,1.0667,1.9821,0.0,0.0667,0.2494,0.0,0.1333,0.4269,0.0,0.2,0.4,0.0,0.1,0.3,0.0,0.0333,0.1795,17.5,23.6,25.7029,9.0,13.5,15.6349,6.5,12.4667,14.7099,6.0,8.2667,9.7363,2.0,2.8667,3.2938,6.5,9.9333,10.6393,14.0,21.1,20.4326,42.15,39.3367,21.2437,7.0,11.1667,10.7891,12.5,17.0333,15.5445,3.0,6.0,8.1322,6.5,11.0333,9.5899,7.5,11.6,11.695,23.5,35.2,35.9772,19.0,34.7333,40.9788,0.0,0.6,1.2543,412.5,597.0,475.0333,31.0,93.7667,175.8683,127.0,238.0333,277.1018,177.5,237.5667,209.8353,98.5,127.3667,117.7875,10.0,21.4667,22.125,412.5,596.8333,475.004,13.0,19.2333,21.3927,5.0,8.3333,9.3571,48.75,44.9321,23.4043,5.5,9.4667,11.2834,44.95,43.8571,20.7941,219.5,276.7667,209.3577,1137.0,1441.0,1132.7359,567.5,677.5,582.1669,7.0,11.4,13.1164,6.5,9.5,9.2367,2.5,4.2333,5.9424,10.5,16.2333,16.0222,7.5,10.7333,11.2396,244.0,314.2667,242.0576,18.0,29.0667,33.2023,10.0,14.1,12.7131,10.5,10.6,7.5569,1.0,2.1333,3.117,6.0,14.2333,23.2417,0.0,0.2333,0.4955,39.0,54.4667,46.2736,8.0,19.5,26.0573,16.0,23.0667,23.222,45.35,41.6667,19.3787
8,Nott'ham Forest,20.0,19.0,9.7877,15.0,13.9333,8.4968,1439.0,1248.7667,759.0769,82.5,80.5333,8.2814,7.5,8.5667,7.2741,3.5,5.0667,4.289,18.5,18.0417,8.0751,3.5,5.0333,5.3322,0.97,0.978,0.2124,16.5,17.9667,12.0678,25.0,24.4667,15.4892,17.95,18.26,12.0511,20.5,19.3967,12.0232,0.0,1.6,3.0397,0.0,0.0333,0.1795,1.0,1.4333,2.3478,2.0,2.7333,2.294,0.0,0.1,0.3,0.7,1.6767,2.6006,0.7,1.65,2.5505,0.65,1.27,1.8468,10.0,20.0667,28.5645,31.0,37.9333,36.6587,14.0,37.3333,53.1823,0.0,0.0853,0.1636,0.05,0.0877,0.1116,0.075,0.1733,0.2169,0.0,0.0843,0.1634,0.075,0.1723,0.2158,0.065,0.1027,0.125,0.055,0.0823,0.0783,0.135,0.1857,0.1772,0.065,0.1017,0.1243,0.135,0.185,0.1763,27.0,22.3333,7.3182,1.69,1.9133,0.3445,61.0,54.3333,24.1431,36.0,32.6667,17.3077,57.4,58.3,7.1726,4.0,3.0,1.4142,4.0,3.0,2.1602,8.0,6.6667,1.8856,1.0,1.3333,0.4714,11.8,12.7,5.6291,1.0,1.3333,0.4714,1.0,1.3333,0.4714,0.0,0.0,0.0,0.0,0.0,0.0,0.0,0.0,0.0,0.0,1.6333,3.0712,8.0,14.9333,17.1716,1.0,4.7667,6.9026,20.0,22.5,18.9184,0.77,1.0087,0.723,0.195,0.283,0.3415,0.0,0.0663,0.0873,0.26,0.316,0.3367,18.2,16.8148,5.0775,0.0,0.2333,0.8035,0.0,0.0333,0.1795,0.0,0.0333,0.1795,0.7,1.6767,2.6006,0.7,1.65,2.5505,0.08,0.0967,0.0614,-0.1,-0.0433,1.3061,-0.1,-0.05,1.316,343.5,395.2333,269.5356,440.5,521.7,357.4738,76.25,75.8133,6.7826,6066.0,6990.3667,5048.7981,2066.5,2765.2667,2510.5919,179.5,183.2333,128.9614,216.0,213.2667,150.9357,86.45,86.31,7.265,136.5,158.5667,117.389,155.0,195.0,140.0857,79.95,80.3767,11.1634,32.0,42.0667,43.5973,48.5,83.0,90.0814,53.75,55.47,13.3369,1.0,1.4333,2.3478,0.65,1.27,1.8468,0.55,0.9267,1.3677,-0.05,0.1633,0.8662,7.0,10.8333,14.6312,21.0,30.0667,28.4088,5.0,8.1333,9.5105,0.0,2.0333,3.7012,31.0,37.9333,36.6587,410.5,464.9,324.3887,31.0,54.2333,59.4921,7.0,13.6333,19.6714,1.0,1.7667,3.2216,1.0,2.7667,4.6021,5.0,19.8333,36.4747,2.5,22.0333,37.2321,0.0,4.9333,17.6294,0.0,2.6667,8.2999,0.0,1.8333,8.0585,0.0,0.0,0.0,343.5,395.2333,269.5356,2.0,2.5667,2.6543,8.5,10.4667,9.8682,16.0,26.0,29.9822,1.655,1.7817,1.1653,14.0,18.7667,19.3127,0.0,2.2333,6.8881,0.0,1.6333,2.4696,1.0,1.8667,2.125,0.0,1.0667,1.7499,0.0,0.4333,0.6155,2.0,3.0,3.8123,0.19,0.232,0.249,1.5,2.3333,3.1763,0.0,0.1667,0.5821,0.0,0.2333,0.6155,0.0,0.1,0.3,0.0,0.1,0.3,0.0,0.0667,0.2494,19.0,24.2667,20.6493,11.0,14.3,12.3643,9.0,14.5667,13.6252,5.5,7.3,7.1188,1.0,2.4,2.928,8.5,10.8333,9.5012,18.0,20.2,16.6761,50.0,51.637,17.7442,6.0,9.3667,8.2158,11.5,16.2,13.6,3.0,5.6,6.2322,6.5,10.6,9.2145,8.5,11.0,10.4626,27.0,35.2667,29.6287,25.0,32.2667,35.0076,0.0,0.4333,0.8035,592.0,669.5,457.3047,44.5,83.1,111.8923,180.0,244.4333,209.4741,284.5,276.6333,221.5009,107.0,155.7,177.5427,12.5,26.1,31.4254,592.0,669.4667,457.2168,9.0,20.0333,27.2084,3.5,9.1667,12.0529,43.85,49.6708,18.5037,4.0,8.8667,12.5293,44.1,42.7125,16.8503,275.5,340.1,247.6159,1113.5,1823.0667,1555.8965,570.5,972.1,904.0616,10.0,20.0667,28.5645,9.5,13.1333,16.6167,1.0,5.2,10.1107,9.5,17.5667,19.5801,6.0,9.5,10.6231,335.0,392.0333,287.6764,14.0,37.3333,53.1823,10.5,14.1333,12.4626,7.0,12.3667,14.8492,0.5,2.5667,4.3411,5.0,19.8333,36.4747,0.0,0.0667,0.2494,48.0,60.2,46.1508,14.0,19.3667,17.9137,10.0,18.5,21.2709,54.5,55.7966,19.003
9,Brentford,26.0,22.96,10.137,15.0,16.72,10.664,1321.0,1496.84,891.7343,82.0,81.4,7.3973,6.0,9.88,9.7173,3.0,6.24,6.25,17.5,16.5455,9.4037,1.0,4.4,7.8333,1.05,1.0464,0.2068,21.0,24.56,14.7162,29.0,28.44,16.992,22.8,25.44,15.3302,23.8,24.448,14.7977,1.0,2.04,2.6303,0.0,0.12,0.5879,1.0,1.52,1.473,3.0,3.56,2.6845,0.0,0.08,0.2713,1.2,2.404,2.8975,1.2,2.308,2.6827,1.5,1.716,1.3734,16.0,19.64,16.7902,40.0,51.04,39.2127,32.0,50.12,50.3979,0.08,0.1404,0.162,0.09,0.1116,0.113,0.15,0.2528,0.241,0.08,0.1352,0.1552,0.15,0.2472,0.2322,0.07,0.1516,0.1477,0.11,0.1064,0.0677,0.19,0.2588,0.1813,0.07,0.1472,0.1402,0.19,0.2544,0.1727,32.5,32.5,30.5,1.53,1.53,0.2,92.0,92.0,84.0,59.5,59.5,53.5,70.15,70.15,4.85,5.0,5.0,5.0,4.5,4.5,4.5,9.5,9.5,8.5,3.5,3.5,3.5,9.45,9.45,9.45,1.0,1.0,1.0,1.0,1.0,1.0,0.0,0.0,0.0,0.0,0.0,0.0,0.0,0.0,0.0,1.0,2.16,2.8661,11.0,18.68,17.6878,4.0,6.36,6.9217,33.3,32.8391,19.7311,0.88,1.1756,0.8717,0.24,0.4288,0.4061,0.11,0.117,0.1091,0.43,0.3691,0.2773,15.8,15.9696,4.7595,0.0,0.68,1.7826,0.0,0.12,0.5879,0.0,0.12,0.5879,1.2,2.404,2.8975,1.2,2.308,2.6827,0.11,0.1213,0.0819,0.0,-0.244,1.1078,0.0,-0.268,1.126,327.0,500.32,380.9722,462.0,669.96,478.9083,73.2,73.1,6.9536,5565.0,9016.12,8143.5007,1897.0,3533.96,4493.2184,169.0,223.56,156.1669,208.0,263.84,178.1895,85.6,84.76,7.5398,131.0,208.92,193.1414,167.0,256.52,213.3664,78.4,78.032,10.4344,27.0,55.24,78.2439,62.0,110.68,161.1329,50.5,50.468,8.5412,1.0,1.52,1.473,1.5,1.716,1.3734,1.1,1.584,1.3867,-0.1,-0.196,0.8297,11.0,13.2,11.175,29.0,38.48,31.1989,10.0,13.28,10.813,2.0,4.24,5.1713,40.0,51.04,39.2127,428.0,597.32,422.8491,49.0,69.84,96.1901,8.0,18.52,32.8915,1.0,2.8,3.7417,3.0,4.52,5.5217,16.0,27.68,29.9569,15.0,27.2,29.2342,0.0,7.28,16.1357,0.0,3.08,7.5149,0.0,2.04,4.3953,0.0,0.4,1.1662,327.0,500.32,380.9722,2.0,2.8,2.3833,13.0,14.12,8.6917,26.0,31.96,24.3663,2.26,1.9968,0.9863,20.0,22.12,16.7005,0.0,4.08,8.094,1.0,1.32,1.5677,2.0,2.2,2.1166,1.0,1.68,2.0537,0.0,0.56,0.6974,3.0,3.24,2.8744,0.13,0.2344,0.222,2.0,2.28,2.1821,0.0,0.28,0.6645,0.0,0.12,0.325,0.0,0.32,0.5455,0.0,0.24,0.5122,0.0,0.0,0.0,26.0,26.88,20.0266,15.0,15.92,12.1356,12.0,13.88,11.4763,9.0,9.92,8.0842,2.0,3.08,2.7118,9.0,12.6,9.9237,20.0,27.72,24.1603,45.85,46.2375,22.4629,10.0,15.12,16.0083,15.0,18.68,14.0277,3.0,5.68,7.1818,11.0,13.0,10.4614,10.0,15.08,14.7429,33.0,41.96,33.3916,17.0,36.08,42.0808,0.0,0.68,1.0852,704.0,844.8,553.839,32.0,115.08,248.0776,132.0,317.24,371.6213,281.0,328.92,241.7609,177.0,205.84,153.6481,24.0,38.6,33.0612,704.0,844.68,553.796,17.0,22.48,18.254,9.0,9.52,6.4629,44.7,48.3083,17.0509,7.0,10.4,10.4422,43.85,40.3875,17.7191,358.0,436.12,286.0198,1958.0,2238.68,1414.5928,864.0,1163.04,816.3756,16.0,19.64,16.7902,12.0,14.28,12.5204,3.0,6.04,8.9061,18.0,22.0,17.1371,8.0,10.56,8.7776,417.0,493.72,319.9584,32.0,50.12,50.3979,12.0,15.16,10.7021,15.0,16.6,12.9892,2.0,2.76,3.8707,16.0,27.68,29.9569,0.0,0.0,0.0,62.0,75.32,50.0925,14.0,25.24,26.2911,23.0,24.0,16.5094,45.6,46.05,17.3106
10,Manchester City,29.0,24.9524,9.126,24.0,19.9048,11.0579,2042.0,1785.5714,925.9647,83.5,83.35,5.0426,15.0,14.3333,9.7899,4.0,5.0476,4.0057,20.0,22.3684,10.2455,4.0,8.0,7.9222,2.39,2.4167,0.1086,55.0,50.1429,25.4152,20.0,17.7143,8.724,43.8,42.0524,21.9884,21.6,18.519,9.2381,2.0,4.0476,5.6186,0.0,0.4286,1.5298,1.0,3.2381,3.6892,2.0,2.5238,2.4615,0.0,0.0952,0.2935,1.9,3.8952,6.4854,1.9,3.5238,5.2379,1.4,2.881,3.1268,37.0,53.4762,50.2163,100.0,98.0,85.4172,55.0,96.5714,91.3088,0.15,0.1943,0.2271,0.09,0.1619,0.1877,0.22,0.3562,0.3419,0.15,0.18,0.1898,0.22,0.341,0.3154,0.11,0.1781,0.224,0.12,0.1586,0.1869,0.19,0.3376,0.326,0.11,0.1652,0.1826,0.19,0.3248,0.2989,17.0,17.0,10.0,0.93,0.93,0.06,54.5,54.5,27.5,38.0,38.0,18.0,72.4,72.4,1.7,14.0,14.0,10.0,3.5,3.5,2.5,1.5,1.5,1.5,6.5,6.5,3.5,45.15,45.15,14.85,1.5,1.5,1.5,1.5,1.5,1.5,0.0,0.0,0.0,0.0,0.0,0.0,0.0,0.0,0.0,2.0,4.4762,6.7444,20.0,32.381,34.0636,5.0,12.5238,14.828,38.5,35.9789,15.6895,1.23,1.5414,1.1692,0.44,0.5486,0.5069,0.13,0.1237,0.1008,0.38,0.3394,0.2348,16.4,17.3421,4.1951,0.0,1.1905,3.0334,0.0,0.4286,1.5298,0.0,0.4762,1.7353,1.9,3.8952,6.4854,1.9,3.5238,5.2379,0.1,0.1137,0.0781,0.0,0.581,2.2637,0.0,0.5238,2.3377,1011.0,1169.2857,858.6935,1234.0,1318.4762,925.3139,87.3,86.8476,5.5045,13977.0,18722.619,14674.3233,3526.0,5339.2857,5031.7478,452.0,612.381,425.9815,507.0,651.619,447.2514,94.4,93.7714,4.0352,322.0,448.8095,377.5399,335.0,489.4762,396.7564,91.4,89.7048,6.3387,46.0,78.619,83.3995,96.0,118.8571,110.7211,67.5,65.7143,14.1541,1.0,3.2381,3.6892,1.4,2.881,3.1268,1.9,2.9476,2.5433,-0.1,0.3571,1.5786,18.0,25.9048,23.2193,53.0,89.9524,95.0897,16.0,22.9524,19.6044,1.0,3.0476,4.0057,100.0,98.0,85.4172,1069.0,1241.3333,890.4335,65.0,75.1429,67.4913,23.0,21.9048,17.8803,2.0,4.0,4.5251,3.0,6.3333,8.4478,12.0,33.1429,42.8233,6.0,28.7143,52.7358,0.0,13.5714,31.2662,0.0,5.381,11.8582,0.0,3.1429,8.5651,0.0,0.3333,1.1269,1011.0,1169.2857,858.6935,1.0,2.0,2.1602,14.0,18.1905,13.5282,54.0,59.8571,47.105,2.09,3.0752,2.0368,40.0,47.1429,37.3265,0.0,3.0952,6.8097,2.0,3.0476,4.1113,2.0,3.1905,2.986,2.0,2.5714,2.2798,0.0,0.8095,1.5312,6.0,7.9524,6.8207,0.36,0.4233,0.4278,4.0,5.9048,5.1446,0.0,0.2381,0.6835,0.0,0.619,0.8985,0.0,0.4762,0.794,0.0,0.619,0.8985,0.0,0.0952,0.2935,24.0,24.5714,19.8436,13.0,14.5238,11.8908,6.0,8.7143,7.887,8.0,10.4762,9.2305,4.0,5.381,4.5719,8.0,10.5238,9.0534,20.0,21.7143,17.6774,48.3,44.3579,19.3155,10.0,11.1905,9.535,14.0,16.7143,11.9728,1.0,3.5238,4.8464,13.0,13.1905,9.7278,9.0,11.0476,9.8584,26.0,35.619,28.5715,14.0,21.7143,22.1578,0.0,0.8095,1.1389,1283.0,1492.0952,999.7581,33.0,102.8571,204.2131,226.0,333.0952,346.1864,473.0,681.8571,617.7571,395.0,486.9524,361.9672,38.0,69.619,67.1923,1283.0,1491.619,1000.0798,30.0,34.7143,39.2066,11.0,17.8571,20.7302,48.8,48.11,19.8116,11.0,13.4286,15.4074,41.15,43.37,21.0561,879.0,959.8095,640.783,4459.0,5005.1429,3223.8067,2353.0,2759.7143,1894.0969,37.0,53.4762,50.2163,46.0,41.2857,26.8189,7.0,19.7143,32.6936,16.0,20.9524,18.5382,13.0,16.9524,13.6189,937.0,1156.1429,795.8983,55.0,96.5714,91.3088,14.0,13.619,9.7173,18.0,19.5238,14.1745,1.0,1.9524,2.3599,12.0,33.1429,42.8233,0.0,0.0476,0.213,72.0,82.4286,56.0846,6.0,15.4762,17.5326,8.0,13.6667,12.9921,50.0,49.73,24.8009
11,Burnley,16.0,20.3929,9.1782,14.0,14.9286,9.8341,1213.0,1334.8571,835.6661,82.0,78.6296,10.8223,8.0,9.1071,9.1782,4.5,5.4643,4.7546,21.0,23.1667,9.9107,4.0,5.25,5.591,0.63,0.6089,0.1834,14.0,15.8571,10.646,25.0,30.3929,18.7889,14.9,15.8429,9.9894,21.0,27.3393,17.3136,1.0,1.3214,1.6702,0.0,0.1071,0.3093,1.0,1.0714,1.1628,2.0,2.75,2.8738,0.0,0.25,0.433,0.55,1.4643,1.6927,0.55,1.3786,1.5363,0.8,1.0607,0.9894,15.0,25.75,26.0146,34.5,42.0357,40.6707,25.0,41.3571,41.752,0.035,0.0857,0.1188,0.055,0.0589,0.0612,0.09,0.1443,0.1475,0.035,0.0775,0.107,0.09,0.1361,0.1379,0.06,0.1054,0.122,0.065,0.0718,0.0605,0.125,0.1775,0.1516,0.06,0.0989,0.1101,0.125,0.1718,0.1439,39.0,39.0,23.0,1.905,1.905,0.305,122.0,122.0,44.0,84.0,84.0,22.0,73.25,73.25,7.55,2.5,2.5,0.5,4.5,4.5,0.5,12.0,12.0,8.0,1.0,1.0,1.0,3.55,3.55,3.55,3.5,3.5,1.5,3.0,3.0,2.0,0.5,0.5,0.5,0.0,0.0,0.0,25.0,25.0,25.0,1.0,1.4286,1.8211,9.5,15.2857,14.3921,3.0,4.8929,5.5571,33.3,30.5458,16.3072,0.86,1.115,0.8885,0.275,0.3821,0.3927,0.055,0.0663,0.0637,0.21,0.25,0.2362,17.9,17.6125,4.2282,0.0,0.4643,2.0438,0.0,0.1071,0.3093,0.0,0.1071,0.3093,0.55,1.4643,1.6927,0.55,1.3786,1.5363,0.075,0.0821,0.0491,-0.15,-0.0357,0.9107,-0.15,-0.0571,0.9221,395.5,496.5,393.1724,513.0,639.6071,488.4956,76.1,75.7179,7.8816,6232.5,8769.5714,7515.8802,1825.0,2979.8214,3549.8418,189.5,224.6429,168.287,222.5,258.6071,189.1855,85.65,86.3143,7.4188,146.5,214.4643,193.1022,183.5,250.9643,213.195,78.75,80.1857,10.5436,29.0,47.25,55.7735,49.5,98.2857,145.4964,52.6,54.1071,17.1451,1.0,1.0714,1.1628,0.8,1.0607,0.9894,0.55,0.9607,0.9021,-0.1,0.0107,0.7296,7.5,11.6429,10.9388,22.5,34.6429,37.4091,5.5,7.7143,6.6915,1.0,1.9286,2.9023,34.5,42.0357,40.6707,450.0,576.5,447.5157,38.0,60.3929,72.5063,6.0,15.8214,25.7169,1.0,1.75,2.098,2.0,2.75,2.7983,9.5,19.5357,22.7572,3.0,23.8929,50.2048,0.0,6.4286,14.1154,0.0,2.3929,5.8023,0.0,2.0714,4.391,0.0,0.3214,1.0369,395.5,496.5,393.1724,2.0,2.7143,2.4908,9.5,12.1786,8.6522,18.0,26.9643,22.9914,1.775,1.9304,1.2369,11.0,19.5357,17.9573,0.0,2.6429,4.9729,1.0,1.75,2.7983,0.5,1.6071,2.127,1.0,1.1071,1.2632,0.0,0.3214,0.6576,1.5,2.6071,2.5543,0.13,0.1643,0.1629,1.0,1.9286,2.1201,0.0,0.2143,0.5579,0.0,0.2857,0.7491,0.0,0.0714,0.2575,0.0,0.1071,0.3093,0.0,0.0,0.0,13.5,21.5714,19.8556,7.5,12.1786,11.7262,6.0,10.0357,9.9444,5.0,8.75,8.9667,2.0,2.7857,3.0161,7.0,10.1071,10.638,17.0,20.75,18.7629,50.0,47.7222,22.3735,9.5,10.6429,8.885,13.0,16.9643,13.2435,3.0,6.0357,7.253,10.0,10.9286,8.9639,6.5,9.9643,10.2172,20.5,31.5357,28.3,22.0,29.8571,32.6275,0.0,0.7857,1.1451,681.0,789.9643,556.5726,38.5,103.8214,199.0698,159.5,286.1429,333.8086,264.5,327.2857,280.3551,131.5,183.3214,149.5238,18.0,29.0714,29.0454,681.0,789.8571,556.6078,12.5,24.8571,28.5529,4.5,10.6071,12.2163,48.2,45.7741,17.9432,6.0,11.75,14.121,44.5,43.1481,17.9467,389.0,436.0,299.2411,2397.5,2382.2143,1608.0483,1314.5,1260.5714,909.0547,15.0,25.75,26.0146,12.0,16.3214,15.2012,2.0,8.5714,12.8409,14.0,18.4286,18.2335,8.0,10.5357,10.0693,434.5,490.5714,338.1333,25.0,41.3571,41.752,12.0,15.1786,11.9524,9.5,12.5714,11.4406,1.5,2.7143,3.6922,9.5,19.5357,22.7572,0.0,0.1071,0.3093,50.5,61.5357,46.9129,13.5,20.0357,25.6703,22.0,24.7143,22.9049,43.75,40.8071,21.7009
12,Liverpool,28.0,25.8636,8.7868,17.0,18.9545,8.0931,1671.0,1694.4091,689.844,81.0,80.7273,6.517,10.5,11.2727,8.2912,5.0,6.9091,6.1858,22.0,20.8947,4.7561,2.5,4.8636,7.0019,2.15,2.1768,0.1442,42.0,42.5455,16.1266,18.5,20.1818,9.0936,45.45,43.6227,17.8909,22.75,22.4273,9.6737,2.0,3.3636,3.8911,0.0,0.2727,1.0523,2.0,2.7273,2.7664,2.0,3.0909,2.7454,0.0,0.2273,0.4191,2.3,4.1,5.4901,2.15,3.7545,4.6779,1.65,2.9318,2.936,41.0,41.8636,31.3257,91.5,95.5909,61.1493,80.5,94.5909,91.7336,0.125,0.1795,0.2138,0.1,0.1491,0.145,0.24,0.3273,0.3176,0.125,0.17,0.199,0.24,0.3177,0.303,0.105,0.1941,0.2164,0.13,0.1436,0.1167,0.25,0.3359,0.3065,0.1,0.1814,0.1919,0.24,0.3236,0.281,20.5,20.5,9.5,1.085,1.085,0.015,73.5,73.5,35.5,54.0,54.0,26.0,72.25,72.25,1.15,12.0,12.0,4.0,5.0,5.0,3.0,2.0,2.0,2.0,5.0,5.0,3.0,24.3,24.3,4.3,0.5,0.5,0.5,0.5,0.5,0.5,0.0,0.0,0.0,0.0,0.0,0.0,0.0,0.0,0.0,2.0,3.6364,4.5482,21.0,35.4091,33.0986,7.0,11.9545,13.6863,31.9,29.89,16.0173,1.45,1.7282,1.3442,0.36,0.5823,0.5835,0.07,0.091,0.0867,0.25,0.275,0.1573,15.85,17.185,4.6927,0.0,0.8182,1.7745,0.0,0.2727,1.0523,0.0,0.4091,1.4666,2.3,4.1,5.4901,2.15,3.7545,4.6779,0.08,0.0955,0.0447,-0.3,-0.4636,1.9352,-0.3,-0.3909,1.8063,861.5,923.0,556.1959,1042.5,1104.0,623.7234,82.7,82.1636,6.0248,13426.5,15708.9091,10479.5023,4071.0,5386.3182,4473.1474,419.0,437.0909,239.4541,462.0,481.5,255.9955,90.95,90.35,5.0657,276.0,391.0,284.2384,327.0,442.4091,298.0783,86.55,85.8727,8.21,61.5,74.3182,63.9043,98.0,127.7273,115.8012,62.5,61.6091,9.0321,2.0,2.7273,2.7664,1.65,2.9318,2.936,1.45,2.5273,2.206,-0.1,-0.2045,1.7351,19.0,27.1818,22.2049,63.0,75.5909,59.3263,19.0,22.9545,18.6559,2.0,3.6364,4.7054,91.5,95.5909,61.1493,975.5,1018.1818,571.9046,36.5,81.2727,88.7664,11.5,19.9545,22.3657,3.0,4.5909,5.7892,4.0,6.5909,7.7263,18.5,37.1364,52.0902,10.5,34.3182,52.8836,0.0,13.0455,26.1785,0.0,3.9091,8.6071,0.0,7.7727,15.9286,0.0,0.0909,0.4166,861.5,923.0,556.1959,3.5,4.5455,3.7017,16.5,16.6818,11.0428,52.5,63.0455,44.464,3.505,3.2145,1.6467,43.0,47.5,32.0039,0.5,5.2727,10.0054,2.0,3.0,3.7417,3.0,4.5455,5.5163,1.0,1.9545,2.1842,0.0,0.7727,0.9502,4.5,5.9545,5.3723,0.27,0.3127,0.2695,3.5,4.3636,3.7604,0.0,0.3636,0.7714,0.0,0.4091,0.9371,0.0,0.4545,0.8381,0.0,0.3182,0.5548,0.0,0.0455,0.2083,27.0,30.4091,19.3594,18.0,18.8636,11.3989,10.0,12.2273,9.3708,12.0,13.0455,10.1555,4.5,5.1364,3.8529,11.5,15.3182,12.3928,24.5,34.4545,28.1695,43.5,45.9095,19.6122,14.5,19.1364,17.4442,19.5,21.2727,13.8734,2.0,4.8182,7.34,15.5,16.4545,12.1906,11.5,13.1818,10.6457,40.5,43.5909,28.1694,12.5,26.4091,30.5163,0.0,0.8636,1.3914,1240.0,1301.7727,675.6863,42.0,99.5,168.2454,267.0,334.8636,332.2582,519.0,622.4091,438.2629,299.0,355.8182,257.8091,38.0,64.3182,68.2358,1240.0,1301.3636,675.6282,29.5,33.2273,31.1754,14.0,15.0455,14.7077,45.5,43.465,13.9732,12.0,14.8636,14.3726,43.45,46.53,17.9622,870.0,809.7727,397.2193,3829.5,4179.5909,1979.674,2033.0,2183.5,1053.4137,41.0,41.8636,31.3257,29.0,31.4545,19.2937,6.5,13.3182,19.4571,21.5,25.7273,21.0588,10.5,18.2273,18.6984,906.0,915.7273,470.9889,80.5,94.5909,91.7336,18.0,20.6818,15.4284,13.5,16.8182,12.655,1.0,4.5455,8.1225,18.5,37.1364,52.0902,0.0,0.0909,0.2875,79.5,92.0,48.3529,15.5,26.4545,30.0162,14.0,19.9545,14.1533,53.6,54.2682,19.9
13,Newcastle Utd,21.0,22.875,8.4966,14.5,17.3333,10.5462,1296.5,1557.4167,877.1857,82.0,81.5652,6.5861,8.0,11.2917,9.4802,3.5,5.5417,4.6096,22.0,23.0909,14.0839,0.0,3.5833,5.5671,1.565,1.6021,0.1862,33.5,38.8333,21.7038,25.0,28.0,16.7755,28.15,34.7333,19.0461,26.6,27.8333,16.8396,1.5,3.125,3.734,0.0,0.3333,1.0672,1.0,2.2917,3.0887,2.0,3.2083,2.8428,0.0,0.0417,0.1998,1.35,3.2375,4.4682,1.35,2.9417,3.6114,1.05,2.1667,2.3219,21.5,30.5417,30.8558,52.5,64.5833,62.2535,57.0,64.25,57.4088,0.135,0.22,0.2467,0.07,0.1162,0.1453,0.21,0.3358,0.2973,0.135,0.2029,0.2097,0.21,0.3188,0.2683,0.13,0.2025,0.2341,0.11,0.1217,0.1076,0.295,0.325,0.2661,0.13,0.1871,0.1991,0.295,0.31,0.237,29.0,29.0,13.0,1.485,1.485,0.415,94.0,94.0,36.0,64.5,64.5,22.5,71.6,71.6,0.8,9.0,9.0,0.0,3.0,3.0,1.0,6.5,6.5,2.5,5.0,5.0,0.0,28.0,28.0,5.3,2.5,2.5,2.5,2.0,2.0,2.0,0.5,0.5,0.5,0.0,0.0,0.0,20.0,20.0,0.0,1.5,3.4583,4.6546,16.0,22.5417,21.2779,4.0,8.1667,9.0539,33.3,33.5,17.0611,1.295,1.4088,1.0714,0.425,0.5758,0.6448,0.13,0.1343,0.0788,0.4,0.4176,0.2195,15.4,15.1391,3.694,0.0,0.375,0.9922,0.0,0.3333,1.0672,0.0,0.375,1.2521,1.35,3.2375,4.4682,1.35,2.9417,3.6114,0.11,0.1148,0.0549,0.25,0.2208,0.9206,0.25,0.1833,0.915,503.5,667.0,512.9432,603.5,821.5,626.1886,81.45,80.1917,5.8511,7740.0,11345.5417,9653.0733,2959.0,3988.0833,3703.0344,249.0,318.1667,221.1618,277.5,357.3333,248.1127,89.3,89.1917,4.4955,197.0,277.9167,246.7926,228.0,320.9167,279.3565,85.2,84.4542,8.2724,25.5,56.0833,66.14,57.0,103.0417,116.1473,51.2,52.375,13.7203,1.0,2.2917,3.0887,1.05,2.1667,2.3219,1.1,1.8125,1.9503,-0.05,0.125,1.1454,11.0,17.625,18.5086,37.0,45.7917,44.2417,12.0,15.8333,17.165,2.0,3.1667,4.441,52.5,64.5833,62.2535,524.5,746.1667,572.7672,42.0,72.9167,91.2798,9.5,21.3333,29.8896,1.0,3.5417,5.5451,2.0,5.5417,9.3719,11.0,27.0,45.893,5.5,28.125,50.1799,0.5,8.0,23.8834,0.0,3.125,8.9922,0.0,2.5,8.0623,0.0,0.375,1.6024,503.5,667.0,512.9432,2.0,2.4167,2.9569,13.5,15.0417,11.0622,30.0,40.7917,38.6598,2.365,2.3033,1.2138,23.0,29.5417,26.5581,0.0,2.875,6.4892,2.0,3.0,3.6968,2.0,2.7917,3.0548,1.0,1.9167,2.8565,0.0,0.6667,1.3437,4.0,6.0,6.5638,0.345,0.3467,0.241,3.0,3.75,3.4791,0.0,0.2917,0.7348,0.0,0.75,1.3617,0.0,0.5417,0.9565,0.0,0.5417,1.1539,0.0,0.125,0.3307,22.0,27.3333,22.4066,13.5,16.2083,13.1972,11.0,13.0417,11.6922,7.0,10.5,9.3497,2.5,3.7917,3.7303,11.5,12.4583,10.9582,25.5,28.2083,23.6572,45.6,39.4417,17.09,12.0,15.75,13.2453,17.0,20.5833,16.5401,2.5,6.2917,9.0668,13.5,14.2917,11.7561,8.0,11.8333,11.3566,31.0,39.1667,32.2215,17.0,28.2083,34.1772,0.0,0.6667,0.9428,717.0,993.4583,717.7127,36.5,100.25,145.0992,209.5,333.5417,326.9144,302.0,419.9167,360.8521,206.0,249.4583,214.0278,37.0,45.5417,39.079,714.5,993.125,717.8465,22.0,30.3333,35.4268,10.0,14.7917,17.5,48.35,44.8045,17.1376,8.0,11.9583,13.268,40.4,43.0045,15.2708,401.0,565.0417,423.9277,2225.5,3042.7917,2390.8512,1293.5,1514.9167,1185.0417,21.5,30.5417,30.8558,16.5,21.0833,20.0934,5.0,10.125,13.7305,16.5,21.0417,18.5932,12.5,16.6667,16.1366,473.0,662.4167,501.7582,57.0,64.25,57.4088,12.0,15.875,13.3894,15.0,19.4583,23.2701,1.0,2.4167,3.9361,11.0,27.0,45.893,0.0,0.0417,0.1998,63.0,76.125,56.0441,10.5,18.8333,23.2731,13.5,17.125,16.0554,47.7,51.1708,22.1067
14,Manchester Utd,22.0,21.5,9.8576,15.0,16.0385,10.8255,1351.5,1440.3846,938.4333,82.0,81.2308,7.4385,7.0,10.2308,10.555,5.0,5.4615,3.9926,16.0,17.9545,6.4771,3.0,3.5769,3.4771,1.59,1.5488,0.267,20.5,24.0,16.6756,25.0,24.4231,15.7044,24.95,23.7269,15.5693,26.7,29.0385,19.275,1.0,1.9615,2.6672,0.0,0.2308,0.8462,1.0,1.3462,1.6857,2.5,3.1923,2.2364,0.0,0.0385,0.1923,0.85,2.1923,2.9604,0.85,1.9769,2.5239,0.9,1.5346,2.3524,14.0,28.7692,38.1811,52.0,56.6538,57.243,32.5,56.0769,69.749,0.07,0.1346,0.162,0.07,0.0873,0.1096,0.155,0.2215,0.1904,0.07,0.1269,0.157,0.155,0.2138,0.1827,0.075,0.1215,0.1212,0.07,0.0938,0.0862,0.19,0.2146,0.1652,0.075,0.115,0.1142,0.19,0.2077,0.1527,58.0,58.0,0.0,1.53,1.53,0.0,203.0,203.0,0.0,146.0,146.0,0.0,74.9,74.9,0.0,18.0,18.0,0.0,6.0,6.0,0.0,14.0,14.0,0.0,9.0,9.0,0.0,23.7,23.7,0.0,7.0,7.0,0.0,7.0,7.0,0.0,0.0,0.0,0.0,0.0,0.0,0.0,0.0,0.0,0.0,1.0,2.1923,3.0887,7.0,20.8077,27.1038,3.5,7.0,9.3356,31.7,33.3783,23.7062,0.87,1.1527,0.9931,0.25,0.4173,0.3951,0.08,0.1296,0.2025,0.26,0.3579,0.2835,17.1,16.9478,5.569,0.0,0.5769,2.1335,0.0,0.2308,0.8462,0.0,0.2692,1.0212,0.85,2.1923,2.9604,0.85,1.9769,2.5239,0.08,0.0913,0.0524,0.0,0.0,1.0455,0.0,-0.0154,1.0494,568.5,604.6154,406.8196,703.0,748.5,527.4131,81.65,81.5962,5.2086,8755.5,9987.7308,7782.1103,2378.5,3501.2308,3960.1239,288.5,302.0,190.3226,327.0,339.3462,215.9555,89.2,89.8038,4.4863,196.5,228.6538,171.6609,235.0,266.0385,199.3043,84.9,83.8115,7.5219,31.0,52.0769,65.9049,56.0,96.7692,144.3527,56.1,58.912,13.8662,1.0,1.3462,1.6857,0.9,1.5346,2.3524,0.6,1.3231,1.962,-0.1,-0.1885,0.9685,9.0,16.5385,22.5682,33.5,46.0769,41.3911,6.0,12.8846,17.816,0.5,1.9231,3.5293,52.0,56.6538,57.243,675.0,681.1538,459.0394,30.0,63.8846,80.9978,7.0,14.2692,18.66,1.0,2.8077,5.7914,2.0,3.8077,4.9304,6.0,22.8077,44.7033,3.0,24.7308,54.0936,0.0,8.5769,29.1392,0.0,2.6923,8.9862,0.0,3.3077,10.723,0.0,0.3846,1.5708,568.5,604.6154,406.8196,2.0,3.4615,4.5677,8.5,14.2692,15.1443,21.5,37.8462,44.3827,2.015,2.32,1.4408,18.5,28.5,30.3787,0.0,3.0,9.2902,0.0,2.1154,3.9935,0.5,2.0,3.1744,1.0,1.4231,2.5294,0.0,0.8077,1.0749,2.0,3.7308,4.7358,0.175,0.1942,0.1653,1.5,2.6154,3.2353,0.0,0.1154,0.5769,0.0,0.3077,0.6662,0.0,0.2692,0.5921,0.0,0.2308,0.5044,0.0,0.1923,0.4819,18.5,25.8077,22.736,12.5,15.6538,14.1365,8.0,12.8077,13.2608,6.5,9.0769,8.4258,2.5,3.9231,4.2055,9.5,13.2692,13.1984,19.0,27.2692,26.1042,46.9,51.1231,19.0203,9.0,14.0,14.6786,18.0,20.3846,16.5903,6.0,7.9615,8.4146,8.5,12.4231,11.4931,7.0,11.8846,11.3318,27.5,37.6923,32.0346,20.0,34.0,30.7809,0.0,0.4615,0.6923,911.5,919.0385,619.4646,55.0,112.8462,231.2694,226.0,314.7308,332.7321,374.0,377.1923,269.4419,136.5,234.6538,259.7472,16.5,39.0769,53.4573,911.5,918.7692,618.935,11.0,26.4615,33.0655,5.5,11.8077,13.862,47.6,46.9192,21.4743,4.0,11.5,15.7657,40.7,40.7885,21.9115,532.0,534.7308,350.6604,2522.5,2882.3077,1982.5301,1314.0,1514.5769,1135.2858,14.0,28.7692,38.1811,12.5,19.8077,20.0979,2.0,10.3846,22.5305,10.0,18.5,18.314,9.5,13.0,12.7521,571.5,597.1154,394.1037,32.5,56.0769,69.749,14.5,15.2692,11.2884,9.5,12.9615,12.0878,1.5,3.4615,4.8057,6.0,22.8077,44.7033,0.0,0.0385,0.1923,68.5,70.6923,49.5284,13.5,16.7692,15.5867,18.0,17.1154,13.9072,44.95,47.2615,19.8985
15,Wolves,25.0,22.48,11.6897,11.0,16.72,13.089,1222.0,1499.88,1091.4568,81.0,79.92,7.9595,5.0,10.72,11.2837,4.0,5.76,5.9483,20.5,22.35,11.59,2.0,5.84,7.7029,1.16,1.028,0.3769,18.0,21.96,17.1965,24.0,28.48,20.0002,17.7,20.52,15.0658,23.8,29.548,21.2936,1.0,1.72,2.9328,0.0,0.16,0.463,0.0,1.44,2.4671,2.0,4.08,3.6869,0.0,0.16,0.3666,1.1,1.928,2.447,1.1,1.8,2.194,1.0,1.304,1.4573,21.0,26.84,32.3143,37.0,47.2,42.6652,17.0,46.44,51.7974,0.03,0.1208,0.2355,0.0,0.0668,0.1278,0.05,0.1876,0.2893,0.03,0.1136,0.2307,0.05,0.1796,0.2784,0.06,0.1312,0.1402,0.05,0.0896,0.1128,0.12,0.2204,0.2406,0.06,0.1252,0.1336,0.12,0.2144,0.2333,32.5,32.5,25.5,1.68,1.68,0.04,101.5,101.5,86.5,69.5,69.5,61.5,63.35,63.35,10.05,6.5,6.5,5.5,3.5,3.5,3.5,9.0,9.0,7.0,2.5,2.5,1.5,22.35,22.35,10.95,4.0,4.0,4.0,4.0,4.0,4.0,0.0,0.0,0.0,0.0,0.0,0.0,0.0,0.0,0.0,1.0,1.88,3.2165,11.0,17.0,18.1769,3.0,6.12,8.096,33.3,31.2045,16.7926,1.03,1.1364,0.7841,0.23,0.4008,0.3941,0.06,0.0814,0.1122,0.2,0.2395,0.2491,16.6,16.2545,4.778,0.0,0.48,1.4999,0.0,0.16,0.463,0.0,0.16,0.463,1.1,1.928,2.447,1.1,1.8,2.194,0.095,0.1018,0.051,-0.2,-0.048,1.2027,-0.2,-0.08,1.1795,515.0,619.12,530.5223,653.0,766.76,634.5052,79.7,79.22,6.6222,7798.0,10233.84,9299.9378,2105.0,3385.84,3564.7894,256.0,307.68,260.6938,312.0,343.0,286.3095,89.4,89.044,5.9576,174.0,243.88,245.7708,212.0,280.52,271.1536,84.7,84.572,9.2072,31.0,48.72,52.6167,57.0,101.08,120.4714,51.4,51.5417,15.3392,0.0,1.44,2.4671,1.0,1.304,1.4573,0.7,1.108,1.2658,-0.1,0.136,1.402,8.0,12.64,12.6582,22.0,36.4,33.6309,7.0,9.56,10.9401,1.0,2.44,3.2873,37.0,47.2,42.6652,566.0,696.12,589.4267,46.0,67.52,80.6291,11.0,17.56,18.0002,1.0,1.96,2.7926,3.0,5.0,6.1579,11.0,23.12,34.419,7.0,27.36,55.2854,0.0,6.24,15.1928,0.0,3.0,7.7872,0.0,1.64,4.1558,0.0,0.6,2.0396,515.0,619.12,530.5223,2.0,3.12,3.1154,11.0,13.32,12.3959,19.0,29.68,27.2437,1.91,1.9652,1.1967,16.0,20.72,17.0494,0.0,2.68,5.8837,1.0,2.12,3.204,1.0,1.88,2.1414,0.0,1.68,2.5569,0.0,0.6,1.2329,2.0,3.24,4.1692,0.09,0.162,0.2114,1.0,2.08,2.6065,0.0,0.28,0.8727,0.0,0.28,0.7222,0.0,0.24,0.4271,0.0,0.28,0.6645,0.0,0.08,0.2713,20.0,29.56,31.3995,13.0,17.2,19.0641,9.0,16.6,18.4043,7.0,9.88,11.2261,2.0,3.08,3.2609,9.0,12.48,12.0071,21.0,24.2,22.8175,50.0,46.852,18.2988,9.0,11.72,11.7899,17.0,20.2,18.3238,2.0,6.88,10.2774,12.0,13.32,11.6335,7.0,11.36,11.9059,30.0,40.92,40.9682,18.0,33.12,43.7688,0.0,0.64,1.2924,811.0,939.04,748.5495,33.0,112.88,217.0366,170.0,346.92,400.5715,345.0,410.28,352.425,133.0,192.04,180.2355,22.0,29.56,32.0862,811.0,938.88,748.5184,16.0,32.92,38.6812,10.0,16.6,19.1541,53.05,57.8455,23.033,5.0,12.96,16.0959,37.6,32.9182,19.676,478.0,522.08,420.0021,2586.0,2852.52,2260.1397,999.0,1469.12,1270.9728,21.0,26.84,32.3143,14.0,20.72,22.5362,2.0,6.72,11.141,12.0,21.4,21.9891,7.0,15.56,16.3072,481.0,613.72,498.6578,17.0,46.44,51.7974,13.0,19.04,16.9245,11.0,16.16,14.8018,2.0,3.12,3.525,11.0,23.12,34.419,0.0,0.04,0.196,65.0,75.4,63.1101,8.0,17.64,21.546,21.0,19.64,14.383,41.9,43.344,24.772
16,Chelsea,23.0,21.88,9.2144,18.0,16.72,10.8426,1576.0,1495.12,931.9523,84.0,79.24,10.1716,9.0,10.68,9.4392,4.0,5.16,3.6516,17.0,19.2174,10.1979,3.0,3.72,3.8732,1.67,1.6528,0.2558,31.0,33.68,21.5717,27.0,27.36,16.5913,35.9,32.548,20.2411,25.0,25.152,15.0403,1.0,2.6,3.7842,0.0,0.44,1.7682,1.0,2.04,2.6605,3.0,4.32,3.3072,0.0,0.16,0.463,1.1,3.02,4.8862,1.1,2.64,4.1084,1.2,2.076,2.4779,22.0,34.88,36.7862,46.0,64.44,62.3449,35.0,63.8,70.4057,0.09,0.1816,0.2167,0.08,0.1156,0.1324,0.2,0.2976,0.2852,0.08,0.164,0.1869,0.16,0.28,0.25,0.08,0.1752,0.1884,0.08,0.118,0.1102,0.27,0.2932,0.2484,0.08,0.16,0.1686,0.27,0.2784,0.2215,31.5,31.5,6.5,1.645,1.645,0.075,93.0,93.0,15.0,62.5,62.5,10.5,68.1,68.1,2.4,9.0,9.0,4.0,4.5,4.5,0.5,5.5,5.5,1.5,4.0,4.0,1.0,20.75,20.75,1.95,2.5,2.5,0.5,1.5,1.5,0.5,0.5,0.5,0.5,0.5,0.5,0.5,16.65,16.65,16.65,1.0,3.04,4.9998,13.0,21.44,25.1175,4.0,7.76,10.3394,33.3,34.9182,19.7756,1.38,1.37,1.0486,0.26,0.4484,0.4274,0.115,0.1223,0.1189,0.35,0.3357,0.2533,15.55,16.1091,4.8429,0.0,0.88,2.3718,0.0,0.44,1.7682,0.0,0.48,1.7915,1.1,3.02,4.8862,1.1,2.64,4.1084,0.1,0.1036,0.0502,0.0,0.02,1.6647,0.0,-0.04,1.4694,538.0,798.36,647.214,728.0,930.6,708.3161,84.8,83.46,6.5107,11860.0,13089.36,10967.7981,3518.0,4385.56,3968.225,278.0,398.6,316.3033,302.0,433.2,334.1917,91.8,90.96,4.9942,250.0,325.76,304.4437,257.0,360.88,319.8831,88.8,85.772,9.9756,32.0,54.44,52.64,66.0,92.88,85.2391,54.3,58.42,13.7571,1.0,2.04,2.6605,1.2,2.076,2.4779,1.0,1.72,1.9391,-0.1,-0.036,0.8442,9.0,16.68,18.0903,30.0,53.8,55.0868,7.0,14.08,16.3289,1.0,2.04,2.9864,46.0,64.44,62.3449,629.0,859.6,678.2008,57.0,67.6,54.486,13.0,19.84,19.1931,2.0,4.64,6.7343,1.0,4.04,6.5329,10.0,22.32,26.6334,6.0,24.4,37.7285,0.0,8.08,16.807,0.0,3.12,7.0218,0.0,2.2,4.2895,0.0,0.16,0.5426,538.0,798.36,647.214,2.0,3.4,4.0299,6.0,13.76,12.4941,23.0,39.0,40.4119,2.15,2.274,1.3595,18.0,28.72,28.8215,1.0,2.44,4.1093,1.0,3.04,5.1651,1.0,1.84,2.4768,1.0,1.96,2.4245,0.0,1.0,1.7889,3.0,5.32,6.1431,0.2,0.3244,0.3544,2.0,3.56,4.4369,0.0,0.28,1.0008,0.0,0.44,0.9415,0.0,0.4,0.6325,0.0,0.48,0.8998,0.0,0.16,0.463,21.0,26.24,24.8295,12.0,14.88,13.814,9.0,12.88,12.4461,7.0,9.32,9.9266,3.0,4.04,4.1519,9.0,12.84,12.2071,19.0,24.96,22.5628,50.0,49.4087,18.7936,7.0,12.12,12.0044,13.0,17.76,15.593,3.0,6.52,7.4572,8.0,11.24,10.5727,8.0,11.92,11.869,25.0,38.16,35.9307,14.0,31.2,34.9754,0.0,0.96,1.3109,886.0,1103.84,800.5653,28.0,120.88,185.7776,183.0,373.64,359.5468,324.0,479.56,438.6261,164.0,261.36,243.5087,26.0,41.44,45.8904,886.0,1103.36,800.1944,15.0,34.64,38.4374,9.0,15.84,17.622,48.1,43.8783,20.807,7.0,14.56,17.3207,42.1,39.5565,23.554,509.0,662.4,493.7765,3225.0,3370.88,2372.3046,1734.0,1758.84,1241.0326,22.0,34.88,36.7862,14.0,21.72,20.6466,3.0,11.64,17.1764,17.0,24.0,22.8963,7.0,14.72,16.6482,633.0,792.2,603.3744,35.0,63.8,70.4057,11.0,17.64,18.2469,12.0,17.96,17.2661,1.0,3.4,5.6356,10.0,22.32,26.6334,0.0,0.12,0.325,54.0,73.76,60.2696,9.0,17.12,17.603,14.0,15.88,13.5803,47.2,49.976,22.3528
17,Aston Villa,27.0,24.1739,10.8654,20.0,18.1304,12.1201,1652.0,1629.1304,1033.7704,83.0,79.8696,8.4868,6.0,11.7391,10.8236,6.0,6.0435,5.9233,20.5,22.875,10.7172,2.0,5.5652,8.1445,1.77,1.7174,0.355,36.0,36.2609,23.7893,27.0,28.8696,16.9867,31.4,30.2043,19.8392,30.5,28.4609,16.7342,2.0,2.9565,4.2475,0.0,0.1739,0.8157,1.0,2.3913,3.4734,4.0,4.0435,3.0995,0.0,0.087,0.2818,1.4,2.8261,3.6791,1.4,2.6913,3.5829,1.0,2.1435,2.6492,32.0,33.3043,28.6576,55.0,62.8696,54.7884,33.0,62.3913,72.5107,0.11,0.2009,0.2538,0.08,0.1235,0.1606,0.21,0.3248,0.3089,0.11,0.1957,0.2536,0.21,0.3196,0.3082,0.1,0.1613,0.1535,0.09,0.0987,0.0953,0.21,0.2591,0.208,0.1,0.157,0.1535,0.21,0.2552,0.2068,30.5,30.5,17.5,2.16,2.16,0.73,86.5,86.5,52.5,57.5,57.5,37.5,64.0,64.0,2.2,10.0,10.0,9.0,4.0,4.0,4.0,5.0,5.0,2.0,4.0,4.0,4.0,11.75,11.75,11.75,1.0,1.0,0.0,0.5,0.5,0.5,0.5,0.5,0.5,0.0,0.0,0.0,50.0,50.0,50.0,2.0,3.1304,4.4066,14.0,22.0,24.3489,5.0,7.8696,10.28,35.0,33.6737,10.7175,0.78,1.2096,1.0445,0.35,0.4357,0.4117,0.11,0.1368,0.1196,0.38,0.3526,0.2487,15.9,15.4737,3.4623,0.0,0.6522,1.6314,0.0,0.1739,0.8157,0.0,0.1739,0.8157,1.4,2.8261,3.6791,1.4,2.6913,3.5829,0.12,0.1242,0.0678,0.0,0.3043,1.4757,0.0,0.2652,1.4391,573.0,699.6087,555.0905,790.0,839.6957,632.9063,80.4,81.3043,6.9986,8993.0,12198.5217,10310.5124,2559.0,4136.0,4143.1304,293.0,308.087,230.0556,329.0,341.2609,246.4789,89.9,89.0435,6.8244,184.0,320.3478,293.4694,242.0,359.087,313.0505,85.7,86.8304,7.8787,48.0,57.7391,58.8618,82.0,102.8261,109.4987,57.6,57.6909,11.0186,1.0,2.3913,3.4734,1.0,2.1435,2.6492,1.0,1.8348,2.058,-0.1,0.2478,1.4785,10.0,17.2609,18.2452,29.0,50.1304,48.107,12.0,15.7826,16.413,0.0,2.913,4.6336,55.0,62.8696,54.7884,745.0,758.7391,565.5444,47.0,78.913,84.5854,13.0,27.3043,35.1252,0.0,3.3913,5.1223,2.0,4.1304,5.8183,11.0,28.3043,39.8436,4.0,26.6522,53.5396,0.0,10.0435,22.4683,0.0,6.4783,14.322,0.0,0.6522,1.7842,0.0,0.087,0.4079,573.0,699.6087,555.0905,1.0,2.0435,2.2161,13.0,14.8696,12.2023,29.0,39.4783,36.741,2.07,1.9922,1.2454,22.0,29.0435,25.6303,0.0,3.3478,7.7997,1.0,2.0,2.7187,2.0,3.1739,4.2082,1.0,1.3478,1.4328,0.0,0.5652,0.6478,3.0,5.6087,6.2883,0.3,0.31,0.2709,2.0,4.0,4.3639,0.0,0.3478,0.8652,0.0,0.3478,0.6331,0.0,0.4348,1.4693,0.0,0.3478,0.5602,0.0,0.1304,0.3368,16.0,23.6957,19.5969,9.0,13.4783,11.828,7.0,11.6522,9.7651,5.0,9.087,9.8991,2.0,2.9565,2.6942,7.0,11.2609,10.0573,19.0,23.7826,20.1493,46.7,44.3286,20.2679,8.0,12.5217,11.174,18.0,16.913,11.2672,2.0,4.913,6.0427,13.0,12.0,8.0325,9.0,10.2174,8.8757,21.0,33.913,28.0294,12.0,25.8696,25.8361,0.0,0.5652,1.0561,1017.0,999.5652,696.2367,44.0,121.913,232.9116,215.0,354.4348,381.0567,318.0,417.4348,357.4551,186.0,236.6522,209.9291,27.0,43.7826,50.8176,1017.0,999.3913,695.8995,30.0,32.6522,30.6149,13.0,14.8261,15.1676,44.8,47.225,15.0072,11.0,13.6087,13.2656,41.0,39.69,14.913,635.0,626.3043,447.025,3527.0,3400.1739,2395.9808,1663.0,1782.8696,1396.5403,32.0,33.3043,28.6576,19.0,21.0,16.842,4.0,9.3913,12.9841,17.0,20.4348,19.2192,14.0,18.0435,17.0816,764.0,685.6087,487.0647,33.0,62.3913,72.5107,16.0,17.8696,13.1457,15.0,20.5217,18.427,0.0,2.0435,3.9285,11.0,28.3043,39.8436,0.0,0.1739,0.4802,62.0,70.0,50.991,13.0,14.4783,12.659,14.0,15.6957,16.096,50.0,53.6565,22.1166
18,Tottenham,27.5,23.75,10.6975,15.5,17.4167,12.4262,1401.0,1554.2917,1023.6142,83.0,79.913,8.7572,5.0,10.1667,11.1716,5.0,6.3333,6.675,21.0,21.4211,7.2425,0.5,3.4167,5.0242,1.78,1.7762,0.3168,34.0,33.6667,22.2611,27.5,27.4583,16.3477,28.9,30.9917,20.1373,26.95,28.5125,17.7471,1.5,2.75,3.7444,0.0,0.0833,0.3997,1.0,2.4167,3.2393,3.0,3.7083,2.7761,0.0,0.1667,0.4714,1.65,2.8625,3.3772,1.65,2.7958,3.2077,0.85,2.4,3.1736,23.0,39.7917,38.9315,71.5,87.5833,67.3399,33.0,87.0,106.7029,0.085,0.135,0.1688,0.095,0.1854,0.2542,0.185,0.3208,0.3265,0.085,0.1325,0.1634,0.185,0.3183,0.3228,0.105,0.1667,0.1519,0.085,0.1612,0.1787,0.24,0.3292,0.2704,0.105,0.1646,0.1494,0.24,0.3271,0.2674,61.0,61.0,0.0,1.61,1.61,0.0,167.0,167.0,0.0,109.0,109.0,0.0,67.7,67.7,0.0,20.0,20.0,0.0,6.0,6.0,0.0,12.0,12.0,0.0,7.0,7.0,0.0,18.4,18.4,0.0,7.0,7.0,0.0,7.0,7.0,0.0,0.0,0.0,0.0,0.0,0.0,0.0,0.0,0.0,0.0,1.5,2.8333,4.0277,15.5,24.125,23.4881,5.0,8.5833,9.8443,33.85,30.4273,14.4544,1.555,1.4829,1.0436,0.355,0.4579,0.4062,0.075,0.0977,0.0959,0.275,0.2875,0.2361,15.6,16.2318,4.569,0.0,0.4583,1.1173,0.0,0.0833,0.3997,0.0,0.0833,0.3997,1.65,2.8625,3.3772,1.65,2.7958,3.2077,0.11,0.1159,0.0616,-0.25,-0.0292,1.9554,-0.25,-0.0458,1.9138,826.5,857.0417,621.5181,944.0,1004.2917,707.2346,86.25,83.9667,7.2173,12816.0,13541.4583,10464.0201,3203.0,4623.7917,4409.3697,414.5,441.0833,306.5098,437.0,482.0417,330.3938,91.5,90.3042,5.0136,288.0,347.0833,299.1268,350.0,387.9583,315.9834,88.3,86.5083,8.9633,30.5,45.2083,41.5251,45.0,79.0833,87.3503,63.6,60.4375,14.7366,1.0,2.4167,3.2393,0.85,2.4,3.1736,1.45,2.1667,2.3343,0.0,0.0167,1.4106,10.0,19.1667,21.988,43.0,65.5833,57.6194,12.0,18.9167,20.9879,1.0,2.7083,4.3825,71.5,87.5833,67.3399,851.5,919.9167,635.2391,36.5,80.9167,107.1109,8.5,26.4583,31.2503,2.0,3.7917,5.0248,1.0,2.4583,3.3038,13.0,29.5833,46.9467,8.0,30.0833,68.778,0.0,9.75,27.0605,0.0,3.875,11.2224,0.0,2.9167,9.6778,0.0,0.0417,0.1998,826.5,857.0417,621.5181,3.0,3.4583,3.3038,17.5,20.0,17.7717,32.5,43.75,43.4418,2.47,2.9342,2.14,24.0,34.0833,32.3946,0.0,2.5,6.8799,1.0,2.4583,3.2143,1.5,2.5,2.7386,0.5,1.2917,2.1502,0.0,0.9167,1.2883,3.0,5.0833,5.1955,0.28,0.38,0.3796,2.5,4.0,3.9896,0.0,0.2917,0.7348,0.0,0.2917,0.7348,0.0,0.2083,0.4061,0.0,0.125,0.3307,0.0,0.1667,0.3727,23.5,30.0833,25.9277,15.0,18.75,16.4019,10.0,13.9167,13.2757,8.0,11.0,10.0333,3.0,5.1667,5.4518,11.5,15.0,14.4251,22.5,28.75,26.428,50.85,52.0625,22.7864,11.5,13.75,13.3643,16.0,18.4167,15.2505,3.5,5.4167,6.1503,11.5,13.0,11.6118,10.0,14.75,12.7451,35.0,44.8333,37.7311,17.5,29.2083,31.3129,1.0,1.0,1.291,1098.5,1183.4167,802.3156,37.0,115.8333,251.0179,170.5,353.7083,414.2063,465.5,508.2917,411.6044,249.5,332.2917,299.4252,21.5,54.5417,63.519,1098.5,1183.3333,802.298,22.0,33.5417,32.4152,10.5,14.9167,13.2474,48.8,48.9273,11.2001,8.5,14.9167,16.6531,41.6,39.7227,12.0216,661.5,749.5417,505.6389,3584.5,3851.0417,2556.0968,1932.0,1935.5417,1387.5875,23.0,39.7917,38.9315,21.0,26.2917,20.8316,4.0,14.5,21.7025,15.0,22.9167,21.4241,10.5,15.5,16.0753,781.0,849.5,557.2107,33.0,87.0,106.7029,13.5,17.5,15.1575,18.0,21.0417,16.3465,1.0,3.3333,5.3593,13.0,29.5833,46.9467,0.0,0.125,0.3307,60.5,79.2083,58.4772,8.5,14.75,18.1412,14.5,15.9167,14.0027,38.5,41.5,23.5949
19,Everton,28.0,23.3043,11.3077,23.0,18.1739,13.4185,1884.0,1633.1739,1131.0601,83.0,81.4783,6.9774,10.0,13.0,12.3746,4.0,5.1304,5.574,21.0,22.6471,10.4259,2.0,5.8261,7.8941,1.22,1.0552,0.4013,21.0,19.1304,14.2503,25.0,24.3043,16.031,30.8,25.8087,17.4722,28.7,26.3043,17.4457,1.0,1.6522,1.8323,0.0,0.087,0.4079,0.0,0.7391,1.4209,2.0,3.5652,3.0762,0.0,0.0435,0.2039,1.5,2.4435,3.0608,1.5,2.3435,2.7959,1.0,1.7217,1.9328,14.0,21.5217,21.1431,38.0,49.087,40.5858,39.0,48.6522,45.1872,0.09,0.1065,0.1126,0.0,0.03,0.0567,0.09,0.1361,0.1233,0.09,0.103,0.108,0.09,0.1326,0.1176,0.11,0.2048,0.2628,0.1,0.1078,0.0817,0.2,0.3135,0.2793,0.11,0.1987,0.2545,0.2,0.3078,0.272,51.0,51.0,0.0,1.34,1.34,0.0,165.0,165.0,0.0,117.0,117.0,0.0,73.9,73.9,0.0,13.0,13.0,0.0,9.0,9.0,0.0,16.0,16.0,0.0,13.0,13.0,0.0,34.2,34.2,0.0,8.0,8.0,0.0,8.0,8.0,0.0,0.0,0.0,0.0,0.0,0.0,0.0,0.0,0.0,0.0,1.0,1.7391,2.0263,15.0,21.913,19.0192,4.0,6.6087,6.7162,28.6,32.681,17.7777,1.25,1.6304,1.191,0.37,0.6313,0.7,0.07,0.0733,0.0681,0.25,0.2405,0.202,16.0,16.5,4.0958,0.0,0.6087,1.2065,0.0,0.087,0.4079,0.0,0.1304,0.4476,1.5,2.4435,3.0608,1.5,2.3435,2.7959,0.1,0.1038,0.057,-0.4,-0.7043,1.6913,-0.4,-0.6913,1.7057,393.0,493.3478,385.9964,550.0,674.4348,513.1987,69.4,71.3652,7.9423,5825.0,9064.5217,8576.1769,2373.0,3842.3478,5511.9851,175.0,226.0,170.2127,252.0,264.8261,193.3077,86.6,83.9174,8.9343,127.0,190.6522,167.0071,195.0,234.9565,190.7829,75.5,75.9478,11.9056,27.0,63.8261,97.61,62.0,132.8696,211.9703,47.9,52.4739,18.3597,0.0,0.7391,1.4209,1.0,1.7217,1.9328,0.8,1.3783,1.749,-0.9,-0.9826,0.8468,8.0,14.7391,16.1251,32.0,41.6522,37.1315,8.0,12.3478,12.5303,1.0,3.3478,5.0183,38.0,49.087,40.5858,439.0,595.7391,452.1653,16.0,74.8261,113.7383,1.0,17.7826,46.0321,1.0,1.9565,3.0285,1.0,3.3913,5.0883,10.0,32.6957,52.5567,4.0,33.3913,60.7459,0.0,7.8696,20.1026,0.0,6.087,15.929,0.0,1.1304,3.1527,0.0,0.1304,0.4476,393.0,493.3478,385.9964,3.0,3.8696,3.6272,11.0,15.087,14.6582,25.0,37.1304,31.5654,2.33,2.3696,1.4525,19.0,25.7391,20.9642,0.0,3.5652,8.064,1.0,1.3478,1.6839,3.0,3.3043,2.2542,1.0,1.7826,1.9991,1.0,1.3913,1.5531,1.0,2.6087,2.6985,0.12,0.1239,0.0982,1.0,1.4348,1.5555,0.0,0.2174,0.8318,0.0,0.0,0.0,0.0,0.5652,0.8249,0.0,0.2174,0.4125,0.0,0.1739,0.4802,30.0,32.3043,27.1845,20.0,19.2174,15.8497,12.0,16.1304,15.5124,8.0,11.3478,10.4449,2.0,4.8261,4.7149,14.0,15.087,13.831,28.0,30.4783,24.0739,43.6,44.8348,22.5592,13.0,15.3913,12.0244,14.0,20.8261,19.3248,4.0,7.6957,12.7089,11.0,13.1304,9.8833,9.0,15.5652,16.6755,43.0,47.8696,42.6138,24.0,38.3478,48.1317,0.0,0.5217,0.8272,738.0,871.7391,623.9677,49.0,111.6522,229.1543,188.0,295.2609,375.0907,265.0,355.5652,278.2812,179.0,229.6957,191.3441,21.0,35.1739,32.8324,736.0,871.6087,624.0212,21.0,24.5217,19.314,8.0,10.8696,8.5633,44.4,48.7727,18.0813,10.0,11.6087,9.7924,45.7,44.3409,17.0302,357.0,424.7391,300.8156,2068.0,2267.6087,1720.1165,794.0,1126.0435,979.0357,14.0,21.5217,21.1431,12.0,16.913,14.8644,3.0,5.5217,6.2197,16.0,24.3478,21.7768,7.0,13.913,14.914,565.0,489.2609,337.7115,39.0,48.6522,45.1872,18.0,19.8696,14.9733,8.0,15.6957,14.0819,1.0,3.8696,6.2227,10.0,32.6957,52.5567,0.0,0.1304,0.3368,46.0,85.6087,66.6873,16.0,29.3913,39.7336,19.0,25.087,30.453,47.2,47.8273,21.2875
20,Arsenal,27.0,26.8095,9.9457,18.0,19.8571,12.7775,1649.0,1781.5714,1076.1698,80.0,80.9524,7.0134,7.0,12.5238,12.1953,7.0,6.9524,5.6944,17.0,16.625,5.4644,3.0,6.6667,8.2424,2.34,2.3662,0.1438,39.0,47.4286,28.6516,11.0,15.1905,9.4447,37.3,39.7095,23.9685,12.2,14.5381,8.7552,2.0,3.619,3.885,0.0,0.4762,1.3316,2.0,2.9524,3.0625,2.0,2.9524,2.6988,0.0,0.0952,0.2935,1.6,3.7143,4.1845,1.6,3.3429,3.5177,1.4,2.6619,2.9952,17.0,38.9524,41.6373,72.0,99.619,91.8288,37.0,98.8571,127.3575,0.12,0.1829,0.1843,0.17,0.1624,0.1478,0.25,0.3452,0.274,0.12,0.1557,0.1722,0.25,0.3186,0.2348,0.12,0.1981,0.1772,0.13,0.139,0.1221,0.24,0.3371,0.2615,0.12,0.1757,0.1611,0.24,0.3152,0.2279,14.5,14.5,9.5,0.79,0.79,0.04,41.5,41.5,27.5,27.0,27.0,18.0,66.2,66.2,1.9,14.0,14.0,9.0,2.5,2.5,1.5,2.5,2.5,2.5,9.0,9.0,7.0,41.65,41.65,8.35,1.5,1.5,1.5,1.0,1.0,1.0,0.5,0.5,0.5,0.0,0.0,0.0,33.3,33.3,0.0,2.0,4.0952,4.6281,17.0,30.7143,29.1468,5.0,9.9048,9.899,31.6,28.7842,10.006,1.34,1.6319,1.1939,0.3,0.5038,0.4263,0.1,0.1037,0.0829,0.34,0.34,0.2237,15.6,16.2526,4.3649,0.0,0.2857,0.9331,0.0,0.4762,1.3316,0.0,0.4762,1.3316,1.6,3.7143,4.1845,1.6,3.3429,3.5177,0.11,0.0995,0.0421,0.2,0.381,1.5051,0.0,0.2762,1.5262,699.0,900.6667,717.7488,785.0,1064.619,800.3998,83.7,82.6952,6.1093,9583.0,14610.1429,11903.3275,2564.0,4839.4762,4567.6422,306.0,457.9524,343.7173,342.0,501.619,369.4336,90.9,91.0619,4.3985,229.0,368.4762,342.2855,267.0,413.7619,366.4759,85.9,87.3,6.648,37.0,55.8095,48.7995,60.0,102.4762,100.1768,54.3,55.6048,12.844,2.0,2.9524,3.0625,1.4,2.6619,2.9952,0.9,2.7429,3.1482,0.4,0.2905,1.2539,9.0,24.381,28.2379,43.0,72.7619,69.262,14.0,26.0,29.6262,2.0,3.2381,3.8409,72.0,99.619,91.8288,759.0,988.381,758.5445,49.0,72.0952,64.5858,7.0,20.9048,22.0063,3.0,4.9524,8.1151,2.0,3.0476,3.885,12.0,31.6667,44.4868,6.0,26.0952,49.977,0.0,12.619,27.2492,0.0,10.3333,22.7331,0.0,0.0476,0.213,0.0,0.0,0.0,699.0,900.6667,717.7488,3.0,4.1429,3.9193,11.0,15.0476,13.2897,28.0,56.3333,58.0512,2.86,2.7562,1.6273,25.0,44.0,45.178,1.0,3.9048,6.8376,1.0,2.7619,3.8285,1.0,3.1429,3.2114,1.0,1.5714,1.9898,0.0,0.9524,1.3965,5.0,7.2381,6.8167,0.38,0.409,0.339,3.0,4.9524,5.1959,0.0,0.7619,1.1508,0.0,0.381,0.6529,0.0,0.5238,0.7315,0.0,0.619,0.9989,0.0,0.0,0.0,24.0,28.9524,21.9143,15.0,16.4762,12.8011,9.0,12.1905,9.7425,9.0,11.6667,10.2787,4.0,5.0952,4.859,11.0,12.9048,9.9948,22.0,25.8095,19.9633,50.0,56.225,21.6814,7.0,12.9048,11.896,18.0,19.5238,14.7022,1.0,5.0476,8.4599,15.0,14.4762,10.8874,12.0,13.8571,11.793,36.0,42.8095,32.4883,9.0,24.4762,28.2483,0.0,0.8571,1.2454,912.0,1251.4286,887.0987,25.0,93.9524,169.5747,182.0,318.2857,363.3804,389.0,536.6667,476.276,239.0,405.4286,360.8298,31.0,70.2857,76.3196,912.0,1250.9524,886.8143,14.0,31.8571,35.9885,8.0,13.4286,14.715,40.9,43.0316,13.9998,6.0,14.4762,17.1204,44.3,46.1368,15.0586,591.0,769.3333,553.1112,3077.0,3833.9048,2862.391,1532.0,1961.5238,1504.0556,17.0,38.9524,41.6373,21.0,27.1429,23.5722,6.0,15.5714,22.5105,13.0,24.9524,20.6685,9.0,17.8095,18.0281,650.0,892.6667,651.2138,37.0,98.8571,127.3575,15.0,18.381,13.379,13.0,18.6667,16.5568,1.0,4.0952,5.1631,12.0,31.6667,44.4868,0.0,0.0476,0.213,59.0,83.0,58.9261,15.0,23.8095,27.328,16.0,23.619,24.232,48.8,48.83,20.5744
